"","diff","lwr","upr","p.adj"
"A2-E2-PLATE 1-OLD-A2-E2-PLATE 1-NEW",-5.902032484865,-84.0719829473255,72.2679179775955,0.999976373120251
"A2-E2-PLATE 2-NEW-A2-E2-PLATE 1-NEW",-30.6162805963285,-108.786231058789,47.5536698661319,0.765958395070542
"A2-E2-PLATE 2-OLD-A2-E2-PLATE 1-NEW",-7.78102315165103,-85.9509736141115,70.3889273108094,0.999850028459726
"A2-E2-PLATE 3-NEW-A2-E2-PLATE 1-NEW",-67.3632972859985,-145.533247748459,10.806653176462,0.100557539435965
"A2-E2-PLATE 3-OLD-A2-E2-PLATE 1-NEW",-86.691222837055,-164.861173299515,-8.5212723745945,0.0291311808767361
"A2-E2-PLATE 4-NEW-A2-E2-PLATE 1-NEW",27.607762757236,-50.5621877052245,105.777713219696,0.836687714604058
"A2-E2-PLATE 4-OLD-A2-E2-PLATE 1-NEW",2.36127462297247,-75.808675839488,80.5312250854329,0.999999957124287
"A2-E2-PLATE 2-NEW-A2-E2-PLATE 1-OLD",-24.7142481114635,-102.884198573924,53.4557023509969,0.894152862092393
"A2-E2-PLATE 2-OLD-A2-E2-PLATE 1-OLD",-1.87899066678602,-80.0489411292465,76.2909597956744,0.999999991275165
"A2-E2-PLATE 3-NEW-A2-E2-PLATE 1-OLD",-61.4612648011335,-139.631215263594,16.708685661327,0.147237474336189
"A2-E2-PLATE 3-OLD-A2-E2-PLATE 1-OLD",-80.78919035219,-158.95914081465,-2.6192398897295,0.0422906286547388
"A2-E2-PLATE 4-NEW-A2-E2-PLATE 1-OLD",33.509795242101,-44.6601552203595,111.679745704561,0.691246414563286
"A2-E2-PLATE 4-OLD-A2-E2-PLATE 1-OLD",8.26330710783748,-69.906643354623,86.4332575702979,0.999777337153624
"A2-E2-PLATE 2-OLD-A2-E2-PLATE 2-NEW",22.8352574446775,-55.334693017783,101.005207907138,0.924569634056656
"A2-E2-PLATE 3-NEW-A2-E2-PLATE 2-NEW",-36.74701668967,-114.91696715213,41.4229337727905,0.604831916264433
"A2-E2-PLATE 3-OLD-A2-E2-PLATE 2-NEW",-56.0749422407264,-134.244892703187,22.095008221734,0.207294686817545
"A2-E2-PLATE 4-NEW-A2-E2-PLATE 2-NEW",58.2240433535645,-19.9459071088959,136.393993816025,0.181033073710431
"A2-E2-PLATE 4-OLD-A2-E2-PLATE 2-NEW",32.977555219301,-45.1923952431595,111.147505681761,0.705294011696319
"A2-E2-PLATE 3-NEW-A2-E2-PLATE 2-OLD",-59.5822741343475,-137.752224596808,18.587676328113,0.166052862276319
"A2-E2-PLATE 3-OLD-A2-E2-PLATE 2-OLD",-78.9101996854039,-157.080150147864,-0.740249222943476,0.0476835436034571
"A2-E2-PLATE 4-NEW-A2-E2-PLATE 2-OLD",35.388785908887,-42.7811645535734,113.558736371347,0.641137822831625
"A2-E2-PLATE 4-OLD-A2-E2-PLATE 2-OLD",10.1422977746235,-68.027652687837,88.312248237084,0.999165634234026
"A2-E2-PLATE 3-OLD-A2-E2-PLATE 3-NEW",-19.3279255510565,-97.4978760135169,58.842024911404,0.965659000082964
"A2-E2-PLATE 4-NEW-A2-E2-PLATE 3-NEW",94.9710600432345,16.801109580774,173.141010505695,0.0174946064097401
"A2-E2-PLATE 4-OLD-A2-E2-PLATE 3-NEW",69.724571908971,-8.44537855348949,147.894522371431,0.0862758842924518
"A2-E2-PLATE 4-NEW-A2-E2-PLATE 3-OLD",114.298985594291,36.1290351318305,192.468936056751,0.00570347652036773
"A2-E2-PLATE 4-OLD-A2-E2-PLATE 3-OLD",89.0524974600274,10.882546997567,167.222447922488,0.0251468148942356
"A2-E2-PLATE 4-OLD-A2-E2-PLATE 4-NEW",-25.2464881342635,-103.416438596724,52.9234623281969,0.884505363263764
"A3-E3-PLATE 1-OLD-A3-E3-PLATE 1-NEW",-14.0233828386776,-120.953594541352,92.9068288639965,0.999107060652424
"A3-E3-PLATE 2-NEW-A3-E3-PLATE 1-NEW",-39.1841144645616,-146.114326167236,67.7460972381125,0.813373798185711
"A3-E3-PLATE 2-OLD-A3-E3-PLATE 1-NEW",12.5070205202234,-94.4231911824507,119.437232222898,0.999570175748309
"A3-E3-PLATE 3-NEW-A3-E3-PLATE 1-NEW",-55.3566517375576,-162.286863440232,51.5735599651165,0.507863496321192
"A3-E3-PLATE 3-OLD-A3-E3-PLATE 1-NEW",-57.5108995056091,-164.441111208283,49.419312197065,0.468878848021575
"A3-E3-PLATE 4-NEW-A3-E3-PLATE 1-NEW",14.9190484023934,-92.0111633002807,121.849260105067,0.99868254707863
"A3-E3-PLATE 4-OLD-A3-E3-PLATE 1-NEW",0.0983277956113966,-106.831883907063,107.028539498285,1
"A3-E3-PLATE 2-NEW-A3-E3-PLATE 1-OLD",-25.160731625884,-132.090943328558,81.7694800767901,0.973284721761054
"A3-E3-PLATE 2-OLD-A3-E3-PLATE 1-OLD",26.530403358901,-80.3998083437731,133.460615061575,0.965063240591728
"A3-E3-PLATE 3-NEW-A3-E3-PLATE 1-OLD",-41.33326889888,-148.263480601554,65.5969428037941,0.775868792917685
"A3-E3-PLATE 3-OLD-A3-E3-PLATE 1-OLD",-43.4875166669315,-150.417728369606,63.4426950357426,0.736183169062144
"A3-E3-PLATE 4-NEW-A3-E3-PLATE 1-OLD",28.942431241071,-77.9877804616031,135.872642943745,0.946757076871827
"A3-E3-PLATE 4-OLD-A3-E3-PLATE 1-OLD",14.121710634289,-92.8085010683851,121.051922336963,0.999066760609298
"A3-E3-PLATE 2-OLD-A3-E3-PLATE 2-NEW",51.691134984785,-55.2390767178891,158.621346687459,0.577200393571675
"A3-E3-PLATE 3-NEW-A3-E3-PLATE 2-NEW",-16.1725372729961,-123.10274897567,90.757674429678,0.997830593563896
"A3-E3-PLATE 3-OLD-A3-E3-PLATE 2-NEW",-18.3267850410475,-125.256996743722,88.6034266616266,0.995396969651729
"A3-E3-PLATE 4-NEW-A3-E3-PLATE 2-NEW",54.103162866955,-52.8270488357191,161.033374569629,0.531207200153917
"A3-E3-PLATE 4-OLD-A3-E3-PLATE 2-NEW",39.282442260173,-67.6477694425011,146.212653962847,0.811712424322892
"A3-E3-PLATE 3-NEW-A3-E3-PLATE 2-OLD",-67.863672257781,-174.793883960455,39.066539444893,0.307551000881698
"A3-E3-PLATE 3-OLD-A3-E3-PLATE 2-OLD",-70.0179200258325,-176.948131728507,36.9122916768416,0.279990975124399
"A3-E3-PLATE 4-NEW-A3-E3-PLATE 2-OLD",2.41202788216998,-104.518183820504,109.342239584844,0.999999994400155
"A3-E3-PLATE 4-OLD-A3-E3-PLATE 2-OLD",-12.408692724612,-119.338904427286,94.5215189780621,0.999591529090733
"A3-E3-PLATE 3-OLD-A3-E3-PLATE 3-NEW",-2.15424776805145,-109.084459470726,104.775963934623,0.999999997455969
"A3-E3-PLATE 4-NEW-A3-E3-PLATE 3-NEW",70.275700139951,-36.6545115627231,177.205911842625,0.276832687389777
"A3-E3-PLATE 4-OLD-A3-E3-PLATE 3-NEW",55.454979533169,-51.4752321695051,162.385191235843,0.506051478668728
"A3-E3-PLATE 4-NEW-A3-E3-PLATE 3-OLD",72.4299479080025,-34.5002637946716,179.360159610677,0.25158432590615
"A3-E3-PLATE 4-OLD-A3-E3-PLATE 3-OLD",57.6092273012205,-49.3209844014536,164.539439003895,0.467137358391408
"A3-E3-PLATE 4-OLD-A3-E3-PLATE 4-NEW",-14.820720606782,-121.750932309456,92.1094910958921,0.998735845185724
"A4-E4-PLATE 1-OLD-A4-E4-PLATE 1-NEW",0.822048651109412,-54.5352967492167,56.1793940514356,0.999999999698083
"A4-E4-PLATE 2-NEW-A4-E4-PLATE 1-NEW",-35.9140035148671,-91.2713489151933,19.443341885459,0.288025475510414
"A4-E4-PLATE 2-OLD-A4-E4-PLATE 1-NEW",17.6299866673989,-37.7273587329273,72.987332067725,0.890921491811681
"A4-E4-PLATE 3-NEW-A4-E4-PLATE 1-NEW",-21.8955781824371,-77.2529235827633,33.461767217889,0.758385170464367
"A4-E4-PLATE 3-OLD-A4-E4-PLATE 1-NEW",-53.6516151680126,-109.008960568339,1.70573023231355,0.0583758304061823
"A4-E4-PLATE 4-NEW-A4-E4-PLATE 1-NEW",21.0387186221859,-34.3186267781402,76.3960640225121,0.788241009079184
"A4-E4-PLATE 4-OLD-A4-E4-PLATE 1-NEW",-6.89712654005609,-62.2544719403822,48.4602188602701,0.999355230643317
"A4-E4-PLATE 2-NEW-A4-E4-PLATE 1-OLD",-36.7360521659765,-92.0933975663027,18.6212932343496,0.268583946729197
"A4-E4-PLATE 2-OLD-A4-E4-PLATE 1-OLD",16.8079380162895,-38.5494073840367,72.1652834166156,0.910735686855026
"A4-E4-PLATE 3-NEW-A4-E4-PLATE 1-OLD",-22.7176268335465,-78.0749722338727,32.6397185667796,0.728737225119318
"A4-E4-PLATE 3-OLD-A4-E4-PLATE 1-OLD",-54.473663819122,-109.831009219448,0.883681581204137,0.0541720800662614
"A4-E4-PLATE 4-NEW-A4-E4-PLATE 1-OLD",20.2166699710765,-35.1406754292496,75.5740153714027,0.815609903192857
"A4-E4-PLATE 4-OLD-A4-E4-PLATE 1-OLD",-7.7191751911655,-63.0765205914917,47.6381702091606,0.998687178367535
"A4-E4-PLATE 2-OLD-A4-E4-PLATE 2-NEW",53.543990182266,-1.81335521806013,108.901335582592,0.0589505305016247
"A4-E4-PLATE 3-NEW-A4-E4-PLATE 2-NEW",14.01842533243,-41.3389200678961,69.3757707327562,0.961342554037455
"A4-E4-PLATE 3-OLD-A4-E4-PLATE 2-NEW",-17.7376116531455,-73.0949570534716,37.6197337471807,0.888168744624916
"A4-E4-PLATE 4-NEW-A4-E4-PLATE 2-NEW",56.952722137053,1.59537673672688,112.310067537379,0.0432901126900209
"A4-E4-PLATE 4-OLD-A4-E4-PLATE 2-NEW",29.016876974811,-26.3404684255151,84.3742223751372,0.495149388065305
"A4-E4-PLATE 3-NEW-A4-E4-PLATE 2-OLD",-39.525564849836,-94.8829102501622,15.8317805504901,0.210708670295683
"A4-E4-PLATE 3-OLD-A4-E4-PLATE 2-OLD",-71.2816018354115,-126.638947235738,-15.9242564350853,0.0124501924320626
"A4-E4-PLATE 4-NEW-A4-E4-PLATE 2-OLD",3.40873195478702,-51.9486134455391,58.7660773551132,0.999994098922294
"A4-E4-PLATE 4-OLD-A4-E4-PLATE 2-OLD",-24.527113207455,-79.8844586077811,30.8302321928712,0.661308699917821
"A4-E4-PLATE 3-OLD-A4-E4-PLATE 3-NEW",-31.7560369855755,-87.1133823859016,23.6013084147507,0.403807707990629
"A4-E4-PLATE 4-NEW-A4-E4-PLATE 3-NEW",42.934296804623,-12.4230485957031,98.2916422049492,0.155324112091446
"A4-E4-PLATE 4-OLD-A4-E4-PLATE 3-NEW",14.998451642381,-40.3588937579451,70.3557970427072,0.946505089715897
"A4-E4-PLATE 4-NEW-A4-E4-PLATE 3-OLD",74.6903337901985,19.3329883898724,130.047679190525,0.00939800558680348
"A4-E4-PLATE 4-OLD-A4-E4-PLATE 3-OLD",46.7544886279565,-8.60285677236964,102.111834028283,0.109692871540648
"A4-E4-PLATE 4-OLD-A4-E4-PLATE 4-NEW",-27.935845162242,-83.2931905625682,27.4215002380841,0.533865228089671
"A5-E5-PLATE 1-OLD-A5-E5-PLATE 1-NEW",-30.172255131879,-129.180639305315,68.8361290415566,0.909319463365572
"A5-E5-PLATE 2-NEW-A5-E5-PLATE 1-NEW",-32.1236435876231,-131.132027761059,66.8847405858126,0.882343704573479
"A5-E5-PLATE 2-OLD-A5-E5-PLATE 1-NEW",-1.15571841677851,-100.164102590214,97.8526657566571,0.999999999943956
"A5-E5-PLATE 3-NEW-A5-E5-PLATE 1-NEW",-25.9289876601635,-124.937371833599,73.0793965132721,0.954482058464526
"A5-E5-PLATE 3-OLD-A5-E5-PLATE 1-NEW",-98.1154842010065,-197.123868374442,0.89289997242912,0.0523144800280466
"A5-E5-PLATE 4-NEW-A5-E5-PLATE 1-NEW",-20.0660258078945,-119.07440998133,78.9423583655411,0.987973966734681
"A5-E5-PLATE 4-OLD-A5-E5-PLATE 1-NEW",7.68454777259194,-91.3238364008437,106.692931946028,0.99997153067253
"A5-E5-PLATE 2-NEW-A5-E5-PLATE 1-OLD",-1.95138845574405,-100.95977262918,97.0569957176916,0.999999997817175
"A5-E5-PLATE 2-OLD-A5-E5-PLATE 1-OLD",29.0165367151005,-69.9918474583351,128.024920888536,0.923480093234516
"A5-E5-PLATE 3-NEW-A5-E5-PLATE 1-OLD",4.24326747171548,-94.7651167017201,103.251651645151,0.999999513448119
"A5-E5-PLATE 3-OLD-A5-E5-PLATE 1-OLD",-67.9432290691275,-166.951613242563,31.0651551043081,0.241093693228082
"A5-E5-PLATE 4-NEW-A5-E5-PLATE 1-OLD",10.1062293239845,-88.9021548494511,109.11461349742,0.999823017368656
"A5-E5-PLATE 4-OLD-A5-E5-PLATE 1-OLD",37.856802904471,-61.1515812689647,136.865187077907,0.783870943554806
"A5-E5-PLATE 2-OLD-A5-E5-PLATE 2-NEW",30.9679251708446,-68.0404590025911,129.97630934428,0.898776176732395
"A5-E5-PLATE 3-NEW-A5-E5-PLATE 2-NEW",6.19465592745954,-92.8137282459761,105.203040100895,0.999993418822299
"A5-E5-PLATE 3-OLD-A5-E5-PLATE 2-NEW",-65.9918406133834,-165.000224786819,33.0165435600522,0.264903542877069
"A5-E5-PLATE 4-NEW-A5-E5-PLATE 2-NEW",12.0576177797285,-86.9507663937071,111.066001953164,0.999442737482471
"A5-E5-PLATE 4-OLD-A5-E5-PLATE 2-NEW",39.808191360215,-59.2001928132206,138.816575533651,0.745438592530194
"A5-E5-PLATE 3-NEW-A5-E5-PLATE 2-OLD",-24.773269243385,-123.781653416821,74.2351149300506,0.963566200971844
"A5-E5-PLATE 3-OLD-A5-E5-PLATE 2-OLD",-96.959765784228,-195.968149957664,2.04861838920763,0.0554755972792049
"A5-E5-PLATE 4-NEW-A5-E5-PLATE 2-OLD",-18.910307391116,-117.918691564552,80.0980767823196,0.991378394703153
"A5-E5-PLATE 4-OLD-A5-E5-PLATE 2-OLD",8.84026618937045,-90.1681179840652,107.848650362806,0.999927086402654
"A5-E5-PLATE 3-OLD-A5-E5-PLATE 3-NEW",-72.186496540843,-171.194880714279,26.8218876325926,0.195675078477623
"A5-E5-PLATE 4-NEW-A5-E5-PLATE 3-NEW",5.862961852269,-93.1454223211666,104.871346025705,0.999995484285237
"A5-E5-PLATE 4-OLD-A5-E5-PLATE 3-NEW",33.6135354327555,-65.3948487406801,132.621919606191,0.859301891753716
"A5-E5-PLATE 4-NEW-A5-E5-PLATE 3-OLD",78.049458393112,-20.9589257803237,177.057842566548,0.145722825697624
"A5-E5-PLATE 4-OLD-A5-E5-PLATE 3-OLD",105.800031973598,6.79164780016282,204.808416147034,0.0355333432431617
"A5-E5-PLATE 4-OLD-A5-E5-PLATE 4-NEW",27.7505735804865,-71.2578105929491,126.758957753922,0.937394906026144
"A6-E6-PLATE 1-OLD-A6-E6-PLATE 1-NEW",-10.3913574217305,-119.359687616448,98.5769727729866,0.999887056441296
"A6-E6-PLATE 2-NEW-A6-E6-PLATE 1-NEW",-8.48990722123099,-117.458237415948,100.478422973486,0.999970788411619
"A6-E6-PLATE 2-OLD-A6-E6-PLATE 1-NEW",-7.440195537379,-116.408525732096,101.528134657338,0.999988058081858
"A6-E6-PLATE 3-NEW-A6-E6-PLATE 1-NEW",-51.3261132757169,-160.294443470434,57.6422169190002,0.602900403032828
"A6-E6-PLATE 3-OLD-A6-E6-PLATE 1-NEW",-60.0037564090198,-168.972086603737,48.9645737856974,0.444928239701197
"A6-E6-PLATE 4-NEW-A6-E6-PLATE 1-NEW",0.602992900434487,-108.365337294283,109.571323095152,1
"A6-E6-PLATE 4-OLD-A6-E6-PLATE 1-NEW",1.904285188426,-107.064045006291,110.872615383143,0.999999999057887
"A6-E6-PLATE 2-NEW-A6-E6-PLATE 1-OLD",1.90145020049951,-107.066879994218,110.869780395217,0.999999999067643
"A6-E6-PLATE 2-OLD-A6-E6-PLATE 1-OLD",2.95116188435151,-106.017168310366,111.919492079069,0.99999997995662
"A6-E6-PLATE 3-NEW-A6-E6-PLATE 1-OLD",-40.9347558539864,-149.903086048704,68.0335743407308,0.796483969165557
"A6-E6-PLATE 3-OLD-A6-E6-PLATE 1-OLD",-49.6123989872893,-158.580729182006,59.3559312074279,0.635748256979644
"A6-E6-PLATE 4-NEW-A6-E6-PLATE 1-OLD",10.994350322165,-97.9739798725521,119.962680516882,0.999836049869741
"A6-E6-PLATE 4-OLD-A6-E6-PLATE 1-OLD",12.2956426101565,-96.6726875845606,121.263972804874,0.999659322244834
"A6-E6-PLATE 2-OLD-A6-E6-PLATE 2-NEW",1.049711683852,-107.918618510865,110.018041878569,0.999999999985433
"A6-E6-PLATE 3-NEW-A6-E6-PLATE 2-NEW",-42.8362060544859,-151.804536249203,66.1321241402312,0.763139847403531
"A6-E6-PLATE 3-OLD-A6-E6-PLATE 2-NEW",-51.5138491877888,-160.482179382506,57.4544810069283,0.599314347209718
"A6-E6-PLATE 4-NEW-A6-E6-PLATE 2-NEW",9.09290012166548,-99.8754300730517,118.061230316383,0.999953643203413
"A6-E6-PLATE 4-OLD-A6-E6-PLATE 2-NEW",10.394192409657,-98.5741377850601,119.362522604374,0.99988685206637
"A6-E6-PLATE 3-NEW-A6-E6-PLATE 2-OLD",-43.8859177383379,-152.854247933055,65.0824124563792,0.744099429096086
"A6-E6-PLATE 3-OLD-A6-E6-PLATE 2-OLD",-52.5635608716408,-161.531891066358,56.4047693230764,0.579338445543483
"A6-E6-PLATE 4-NEW-A6-E6-PLATE 2-OLD",8.04318843781348,-100.925141756904,117.011518632531,0.999979730065186
"A6-E6-PLATE 4-OLD-A6-E6-PLATE 2-OLD",9.344480725805,-99.6238494689121,118.312810920522,0.999944335672016
"A6-E6-PLATE 3-OLD-A6-E6-PLATE 3-NEW",-8.67764313330289,-117.64597332802,100.290687061414,0.999966146786948
"A6-E6-PLATE 4-NEW-A6-E6-PLATE 3-NEW",51.9291061761514,-57.0392240185658,160.897436370869,0.591395584371941
"A6-E6-PLATE 4-OLD-A6-E6-PLATE 3-NEW",53.2303984641429,-55.7379317305742,162.19872865886,0.566730999168803
"A6-E6-PLATE 4-NEW-A6-E6-PLATE 3-OLD",60.6067493094543,-48.3615808852629,169.575079504171,0.434810948120747
"A6-E6-PLATE 4-OLD-A6-E6-PLATE 3-OLD",61.9080415974458,-47.0602885972714,170.876371792163,0.413459161867149
"A6-E6-PLATE 4-OLD-A6-E6-PLATE 4-NEW",1.30129228799152,-107.667037906726,110.269622482709,0.999999999934255
"A7-E7-PLATE 1-OLD-A7-E7-PLATE 1-NEW",40.5883320823028,-43.1551294474196,124.331793612025,0.574591560326241
"A7-E7-PLATE 2-NEW-A7-E7-PLATE 1-NEW",-4.96360950222771,-88.7070710319501,78.7798520274947,0.999995455580446
"A7-E7-PLATE 2-OLD-A7-E7-PLATE 1-NEW",6.30423989199727,-77.4392216377251,90.0477014217197,0.999976839408785
"A7-E7-PLATE 3-NEW-A7-E7-PLATE 1-NEW",7.32680331037828,-76.4166582193441,91.0702648401007,0.999936343583108
"A7-E7-PLATE 3-OLD-A7-E7-PLATE 1-NEW",-29.5975667029392,-113.341028232662,54.1458948267832,0.83625151056614
"A7-E7-PLATE 4-NEW-A7-E7-PLATE 1-NEW",-27.5587424068494,-111.302203936572,56.184719122873,0.87546858547857
"A7-E7-PLATE 4-OLD-A7-E7-PLATE 1-NEW",0.414747120197262,-83.3287144095251,84.1582086499196,1
"A7-E7-PLATE 2-NEW-A7-E7-PLATE 1-OLD",-45.5519415845305,-129.295403114253,38.1915199451919,0.457372981898205
"A7-E7-PLATE 2-OLD-A7-E7-PLATE 1-OLD",-34.2840921903055,-118.027553720028,49.4593693394169,0.730733306126254
"A7-E7-PLATE 3-NEW-A7-E7-PLATE 1-OLD",-33.2615287719245,-117.004990301647,50.4819327577979,0.755130563833752
"A7-E7-PLATE 3-OLD-A7-E7-PLATE 1-OLD",-70.1858987852419,-153.929360314964,13.5575627444804,0.113355991858599
"A7-E7-PLATE 4-NEW-A7-E7-PLATE 1-OLD",-68.1470744891521,-151.890536018875,15.5963870405702,0.128199528846176
"A7-E7-PLATE 4-OLD-A7-E7-PLATE 1-OLD",-40.1735849621055,-123.917046491828,43.5698765676169,0.584824734807088
"A7-E7-PLATE 2-OLD-A7-E7-PLATE 2-NEW",11.267849394225,-72.4756121354974,95.0113109239474,0.998950325691521
"A7-E7-PLATE 3-NEW-A7-E7-PLATE 2-NEW",12.290412812606,-71.4530487171164,96.0338743423284,0.998196651488334
"A7-E7-PLATE 3-OLD-A7-E7-PLATE 2-NEW",-24.6339572007114,-108.377418730434,59.1095043290109,0.922218414931107
"A7-E7-PLATE 4-NEW-A7-E7-PLATE 2-NEW",-22.5951329046217,-106.338594434344,61.1483286251007,0.947541627083699
"A7-E7-PLATE 4-OLD-A7-E7-PLATE 2-NEW",5.37835662242497,-78.3651049072974,89.1218181521474,0.999992132022803
"A7-E7-PLATE 3-NEW-A7-E7-PLATE 2-OLD",1.02256341838101,-82.7208981113414,84.7660249481034,0.999999999923174
"A7-E7-PLATE 3-OLD-A7-E7-PLATE 2-OLD",-35.9018065949364,-119.645268124659,47.841654934786,0.691178051591226
"A7-E7-PLATE 4-NEW-A7-E7-PLATE 2-OLD",-33.8629822988466,-117.606443828569,49.8804792308757,0.74084905620018
"A7-E7-PLATE 4-OLD-A7-E7-PLATE 2-OLD",-5.88949277180001,-89.6329543015224,77.8539687579224,0.999985398546359
"A7-E7-PLATE 3-OLD-A7-E7-PLATE 3-NEW",-36.9243700133174,-120.66783154304,46.8190915164049,0.665789278870924
"A7-E7-PLATE 4-NEW-A7-E7-PLATE 3-NEW",-34.8855457172277,-118.62900724695,48.8579158124947,0.716141730699476
"A7-E7-PLATE 4-OLD-A7-E7-PLATE 3-NEW",-6.91205619018102,-90.6555177199034,76.8314053395414,0.99995692297854
"A7-E7-PLATE 4-NEW-A7-E7-PLATE 3-OLD",2.03882429608979,-81.7046372336326,85.7822858258122,0.999999990462645
"A7-E7-PLATE 4-OLD-A7-E7-PLATE 3-OLD",30.0123138231364,-53.731147706586,113.755775352859,0.827689621291847
"A7-E7-PLATE 4-OLD-A7-E7-PLATE 4-NEW",27.9734895270466,-55.7699720026757,111.716951056769,0.867901412555182
"A8-E8-PLATE 1-OLD-A8-E8-PLATE 1-NEW",17.1695659164471,-48.6829057452476,83.0220375781418,0.955444047862456
"A8-E8-PLATE 2-NEW-A8-E8-PLATE 1-NEW",32.005685527992,-33.8467861337027,97.8581571896867,0.571817424449192
"A8-E8-PLATE 2-OLD-A8-E8-PLATE 1-NEW",19.3517715973782,-46.5007000643165,85.2042432590729,0.922560732707271
"A8-E8-PLATE 3-NEW-A8-E8-PLATE 1-NEW",15.8985224172298,-49.953949244465,81.7509940789245,0.969540939291003
"A8-E8-PLATE 3-OLD-A8-E8-PLATE 1-NEW",-20.9507817769475,-86.8032534386422,44.9016898847472,0.891383439849845
"A8-E8-PLATE 4-NEW-A8-E8-PLATE 1-NEW",-24.6108650304639,-90.4633366921586,41.2416066312309,0.800067123411188
"A8-E8-PLATE 4-OLD-A8-E8-PLATE 1-NEW",1.67090143801337,-64.1815702236813,67.5233730997081,0.999999987276583
"A8-E8-PLATE 2-NEW-A8-E8-PLATE 1-OLD",14.8361196115449,-51.0163520501498,80.6885912732396,0.978691615069229
"A8-E8-PLATE 2-OLD-A8-E8-PLATE 1-OLD",2.18220568093109,-63.6702659807636,68.0346773426258,0.999999918339399
"A8-E8-PLATE 3-NEW-A8-E8-PLATE 1-OLD",-1.27104349921736,-67.1235151609121,64.5814281624774,0.999999998113825
"A8-E8-PLATE 3-OLD-A8-E8-PLATE 1-OLD",-38.1203476933946,-103.972819355089,27.7321239683001,0.394829328524613
"A8-E8-PLATE 4-NEW-A8-E8-PLATE 1-OLD",-41.780430946911,-107.632902608606,24.0720407147837,0.307833485110998
"A8-E8-PLATE 4-OLD-A8-E8-PLATE 1-OLD",-15.4986644784338,-81.3511361401285,50.353807183261,0.973253285450867
"A8-E8-PLATE 2-OLD-A8-E8-PLATE 2-NEW",-12.6539139306138,-78.5063855923085,53.1985577310809,0.991077572824052
"A8-E8-PLATE 3-NEW-A8-E8-PLATE 2-NEW",-16.1071631107622,-81.959634772457,49.7453085509325,0.967470193585752
"A8-E8-PLATE 3-OLD-A8-E8-PLATE 2-NEW",-52.9564673049395,-118.808938966634,12.8960043567552,0.134551838181139
"A8-E8-PLATE 4-NEW-A8-E8-PLATE 2-NEW",-56.6165505584559,-122.469022220151,9.23592110323885,0.101585367786876
"A8-E8-PLATE 4-OLD-A8-E8-PLATE 2-NEW",-30.3347840899786,-96.1872557516733,35.5176875717161,0.624546176722663
"A8-E8-PLATE 3-NEW-A8-E8-PLATE 2-OLD",-3.45324918014845,-69.3057208418432,62.3992224815463,0.99999804057549
"A8-E8-PLATE 3-OLD-A8-E8-PLATE 2-OLD",-40.3025533743257,-106.15502503602,25.549918287369,0.341037540001766
"A8-E8-PLATE 4-NEW-A8-E8-PLATE 2-OLD",-43.9626366278421,-109.815108289537,21.8898350338526,0.263567773779063
"A8-E8-PLATE 4-OLD-A8-E8-PLATE 2-OLD",-17.6808701593648,-83.5333418210596,48.1716015023299,0.948742775612791
"A8-E8-PLATE 3-OLD-A8-E8-PLATE 3-NEW",-36.8493041941772,-102.701775855872,29.0031674675175,0.428687733511366
"A8-E8-PLATE 4-NEW-A8-E8-PLATE 3-NEW",-40.5093874476936,-106.361859109388,25.3430842140011,0.336232597260031
"A8-E8-PLATE 4-OLD-A8-E8-PLATE 3-NEW",-14.2276209792164,-80.0800926409111,51.6248506824783,0.982948750817367
"A8-E8-PLATE 4-NEW-A8-E8-PLATE 3-OLD",-3.6600832535164,-69.5125549152111,62.1923884081783,0.999997076782055
"A8-E8-PLATE 4-OLD-A8-E8-PLATE 3-OLD",22.6216832149608,-43.2307884467339,88.4741548766556,0.852814149969084
"A8-E8-PLATE 4-OLD-A8-E8-PLATE 4-NEW",26.2817664684772,-39.5707051932175,92.134238130172,0.751338991230614
"B2-F2-PLATE 1-OLD-B2-F2-PLATE 1-NEW",-5.970781531598,-19.2737107033689,7.33214764017291,0.649262775990069
"B2-F2-PLATE 2-NEW-B2-F2-PLATE 1-NEW",-9.91453160156131,-23.2174607733322,3.3883975702096,0.180629641150554
"B2-F2-PLATE 2-OLD-B2-F2-PLATE 1-NEW",-16.8398467495904,-30.1427759213613,-3.53691757781944,0.0137734217761845
"B2-F2-PLATE 3-NEW-B2-F2-PLATE 1-NEW",-15.4305682405556,-28.7334974123265,-2.12763906878464,0.0227504231095783
"B2-F2-PLATE 3-OLD-B2-F2-PLATE 1-NEW",-19.5257220345857,-32.8286512063566,-6.22279286281479,0.00556729946135137
"B2-F2-PLATE 4-NEW-B2-F2-PLATE 1-NEW",-9.750520311645,-23.0534494834159,3.55240886012591,0.191983054251682
"B2-F2-PLATE 4-OLD-B2-F2-PLATE 1-NEW",-17.2625996001606,-30.5655287719315,-3.95967042838964,0.0118897714792285
"B2-F2-PLATE 2-NEW-B2-F2-PLATE 1-OLD",-3.94375006996331,-17.2466792417342,9.3591791018076,0.919515107929158
"B2-F2-PLATE 2-OLD-B2-F2-PLATE 1-OLD",-10.8690652179924,-24.1719943897633,2.43386395377856,0.126092678131636
"B2-F2-PLATE 3-NEW-B2-F2-PLATE 1-OLD",-9.45978670895755,-22.7627158807285,3.84314246281336,0.21371676592926
"B2-F2-PLATE 3-OLD-B2-F2-PLATE 1-OLD",-13.5549405029877,-26.8578696747586,-0.252011331216787,0.0454772059382893
"B2-F2-PLATE 4-NEW-B2-F2-PLATE 1-OLD",-3.779738780047,-17.0826679518179,9.52319039172391,0.933388961783535
"B2-F2-PLATE 4-OLD-B2-F2-PLATE 1-OLD",-11.2918180685626,-24.5947472403335,2.01111110320836,0.107368836365158
"B2-F2-PLATE 2-OLD-B2-F2-PLATE 2-NEW",-6.92531514802904,-20.2282443198,6.37761402374187,0.502166380766037
"B2-F2-PLATE 3-NEW-B2-F2-PLATE 2-NEW",-5.51603663899424,-18.8189658107652,7.78689253277667,0.720074138242816
"B2-F2-PLATE 3-OLD-B2-F2-PLATE 2-NEW",-9.61119043302439,-22.9141196047953,3.69173873874652,0.202136079916045
"B2-F2-PLATE 4-NEW-B2-F2-PLATE 2-NEW",0.16401128991631,-13.1389178818546,13.4669404616872,0.999999999917813
"B2-F2-PLATE 4-OLD-B2-F2-PLATE 2-NEW",-7.34806799859925,-20.6509971703702,5.95486117317166,0.441784335236059
"B2-F2-PLATE 3-NEW-B2-F2-PLATE 2-OLD",1.4092785090348,-11.8936506627361,14.7122076808057,0.999774175245865
"B2-F2-PLATE 3-OLD-B2-F2-PLATE 2-OLD",-2.68587528499535,-15.9888044567663,10.6170538867756,0.988224777652316
"B2-F2-PLATE 4-NEW-B2-F2-PLATE 2-OLD",7.08932643794535,-6.21360273382556,20.3922556097163,0.478257312230584
"B2-F2-PLATE 4-OLD-B2-F2-PLATE 2-OLD",-0.422752850570205,-13.7256820223411,12.8801763212007,0.99999993897075
"B2-F2-PLATE 3-OLD-B2-F2-PLATE 3-NEW",-4.09515379403015,-17.3980829658011,9.20777537774076,0.905335979606381
"B2-F2-PLATE 4-NEW-B2-F2-PLATE 3-NEW",5.68004792891055,-7.62288124286036,18.9829771006815,0.694765739390178
"B2-F2-PLATE 4-OLD-B2-F2-PLATE 3-NEW",-1.832031359605,-15.1349605313759,11.4708978121659,0.99878551122377
"B2-F2-PLATE 4-NEW-B2-F2-PLATE 3-OLD",9.7752017229407,-3.52772744883021,23.0781308947116,0.190233711577844
"B2-F2-PLATE 4-OLD-B2-F2-PLATE 3-OLD",2.26312243442514,-11.0398067373458,15.5660516061961,0.995594628606358
"B2-F2-PLATE 4-OLD-B2-F2-PLATE 4-NEW",-7.51207928851556,-20.8150084602865,5.79084988325535,0.419532234092142
"B3-F3-PLATE 1-OLD-B3-F3-PLATE 1-NEW",-4.86118412498084,-23.2819993855053,13.5596311355436,0.952782458601442
"B3-F3-PLATE 2-NEW-B3-F3-PLATE 1-NEW",-14.960789669569,-33.3816049300935,3.46002559095545,0.129233624176223
"B3-F3-PLATE 2-OLD-B3-F3-PLATE 1-NEW",-19.1418516180592,-37.5626668785837,-0.721036357534743,0.0411207522259915
"B3-F3-PLATE 3-NEW-B3-F3-PLATE 1-NEW",-22.3205080028925,-40.741323263417,-3.89969274236809,0.0177643696213231
"B3-F3-PLATE 3-OLD-B3-F3-PLATE 1-NEW",-30.01118864436,-48.4320039048845,-11.5903733838356,0.00283291922892015
"B3-F3-PLATE 4-NEW-B3-F3-PLATE 1-NEW",-17.9885852209882,-36.4094004815126,0.432230039536265,0.0562550519628461
"B3-F3-PLATE 4-OLD-B3-F3-PLATE 1-NEW",-22.8325124925847,-41.2533277531092,-4.41169723206029,0.0155811396316317
"B3-F3-PLATE 2-NEW-B3-F3-PLATE 1-OLD",-10.0996055445882,-28.5204208051126,8.3212097159363,0.449325138194981
"B3-F3-PLATE 2-OLD-B3-F3-PLATE 1-OLD",-14.2806674930784,-32.7014827536028,4.1401477674461,0.155587280121028
"B3-F3-PLATE 3-NEW-B3-F3-PLATE 1-OLD",-17.4593238779117,-35.8801391384362,0.961491382612756,0.0650259015088515
"B3-F3-PLATE 3-OLD-B3-F3-PLATE 1-OLD",-25.1500045193792,-43.5708197799037,-6.72918925885474,0.00874223411689334
"B3-F3-PLATE 4-NEW-B3-F3-PLATE 1-OLD",-13.1274010960073,-31.5482163565318,5.29341416451711,0.212121976543465
"B3-F3-PLATE 4-OLD-B3-F3-PLATE 1-OLD",-17.9713283676039,-36.3921436281284,0.449486892920554,0.0565209334676013
"B3-F3-PLATE 2-OLD-B3-F3-PLATE 2-NEW",-4.1810619484902,-22.6018772090147,14.2397533120343,0.977842569977567
"B3-F3-PLATE 3-NEW-B3-F3-PLATE 2-NEW",-7.35971833332354,-25.780533593848,11.0610969272009,0.750482400654447
"B3-F3-PLATE 3-OLD-B3-F3-PLATE 2-NEW",-15.050398974791,-33.4712142353155,3.37041628573342,0.126099564695176
"B3-F3-PLATE 4-NEW-B3-F3-PLATE 2-NEW",-3.02779555141919,-21.4486108119436,15.3930197091053,0.996410118155401
"B3-F3-PLATE 4-OLD-B3-F3-PLATE 2-NEW",-7.87172282301574,-26.2925380835402,10.5490924375087,0.694041500529529
"B3-F3-PLATE 3-NEW-B3-F3-PLATE 2-OLD",-3.17865638483335,-21.5994716453578,15.2421588756911,0.995208929944835
"B3-F3-PLATE 3-OLD-B3-F3-PLATE 2-OLD",-10.8693370263008,-29.2901522868253,7.55147823422362,0.376051115560086
"B3-F3-PLATE 4-NEW-B3-F3-PLATE 2-OLD",1.15326639707101,-17.2675488634534,19.5740816575955,0.999993390215264
"B3-F3-PLATE 4-OLD-B3-F3-PLATE 2-OLD",-3.69066087452555,-22.11147613505,14.7301543859989,0.988718016450761
"B3-F3-PLATE 3-OLD-B3-F3-PLATE 3-NEW",-7.69068064146749,-26.111495901992,10.730134619057,0.714255312532196
"B3-F3-PLATE 4-NEW-B3-F3-PLATE 3-NEW",4.33192278190435,-14.0888924786201,22.7527380424288,0.973363984135873
"B3-F3-PLATE 4-OLD-B3-F3-PLATE 3-NEW",-0.512004489692202,-18.9328197502167,17.9088107708323,0.999999975983246
"B3-F3-PLATE 4-NEW-B3-F3-PLATE 3-OLD",12.0226034233718,-6.39821183715261,30.4434186838963,0.282814286101286
"B3-F3-PLATE 4-OLD-B3-F3-PLATE 3-OLD",7.17867615177529,-11.2421391087492,25.5994914122997,0.769765507366673
"B3-F3-PLATE 4-OLD-B3-F3-PLATE 4-NEW",-4.84392727159656,-23.264742532121,13.5768879889279,0.953579837819158
"B4-F4-PLATE 1-OLD-B4-F4-PLATE 1-NEW",-6.87045339488199,-27.4737705730564,13.7328637832924,0.868790330435301
"B4-F4-PLATE 2-NEW-B4-F4-PLATE 1-NEW",-21.8060181973739,-42.4093353755483,-1.20270101919949,0.0373765790644395
"B4-F4-PLATE 2-OLD-B4-F4-PLATE 1-NEW",-19.6509977768056,-40.25431495498,0.952319401368811,0.0630933050727129
"B4-F4-PLATE 3-NEW-B4-F4-PLATE 1-NEW",-36.9599957049729,-57.5633128831473,-16.3566785267984,0.00148388286448753
"B4-F4-PLATE 3-OLD-B4-F4-PLATE 1-NEW",-35.3747852650161,-55.9781024431906,-14.7714680868417,0.00199688600603998
"B4-F4-PLATE 4-NEW-B4-F4-PLATE 1-NEW",-24.3719874862303,-44.9753046644047,-3.76867030805585,0.0203741003461455
"B4-F4-PLATE 4-OLD-B4-F4-PLATE 1-NEW",-31.6937154052469,-52.2970325834213,-11.0903982270725,0.00412300150821443
"B4-F4-PLATE 2-NEW-B4-F4-PLATE 1-OLD",-14.9355648024919,-35.5388819806663,5.6677523756825,0.199743973507135
"B4-F4-PLATE 2-OLD-B4-F4-PLATE 1-OLD",-12.7805443819236,-33.383861560098,7.8227727962508,0.328448432972019
"B4-F4-PLATE 3-NEW-B4-F4-PLATE 1-OLD",-30.0895423100909,-50.6928594882653,-9.48622513191646,0.00574718300368449
"B4-F4-PLATE 3-OLD-B4-F4-PLATE 1-OLD",-28.5043318701342,-49.1076490483086,-7.90101469195974,0.00805931946723981
"B4-F4-PLATE 4-NEW-B4-F4-PLATE 1-OLD",-17.5015340913483,-38.1048512695227,3.10178308682615,0.107026535028779
"B4-F4-PLATE 4-OLD-B4-F4-PLATE 1-OLD",-24.8232620103649,-45.4265791885393,-4.21994483219051,0.0183540169320622
"B4-F4-PLATE 2-OLD-B4-F4-PLATE 2-NEW",2.15502042056831,-18.4482967576061,22.7583375987427,0.999792263843641
"B4-F4-PLATE 3-NEW-B4-F4-PLATE 2-NEW",-15.153977507599,-35.7572946857734,5.44933967057545,0.189581429422218
"B4-F4-PLATE 3-OLD-B4-F4-PLATE 2-NEW",-13.5687670676422,-34.1720842458166,7.03455011053217,0.275062615096535
"B4-F4-PLATE 4-NEW-B4-F4-PLATE 2-NEW",-2.56596928885635,-23.1692864670308,18.0373478893181,0.999356921378427
"B4-F4-PLATE 4-OLD-B4-F4-PLATE 2-NEW",-9.88769720787301,-30.4910143860474,10.7156199703014,0.584439706763407
"B4-F4-PLATE 3-NEW-B4-F4-PLATE 2-OLD",-17.3089979281673,-37.9123151063417,3.29431925000715,0.112213429151878
"B4-F4-PLATE 3-OLD-B4-F4-PLATE 2-OLD",-15.7237874882105,-36.327104666385,4.87952968996386,0.165265474470554
"B4-F4-PLATE 4-NEW-B4-F4-PLATE 2-OLD",-4.72098970942466,-25.3243068875991,15.8823274687498,0.976715886500888
"B4-F4-PLATE 4-OLD-B4-F4-PLATE 2-OLD",-12.0427176284413,-32.6460348066157,8.56059954973309,0.385298454894548
"B4-F4-PLATE 3-OLD-B4-F4-PLATE 3-NEW",1.58521043995671,-19.0181067382177,22.1885276181311,0.999973162401071
"B4-F4-PLATE 4-NEW-B4-F4-PLATE 3-NEW",12.5880082187426,-8.01530895943181,33.191325396917,0.342644161222329
"B4-F4-PLATE 4-OLD-B4-F4-PLATE 3-NEW",5.26628029972594,-15.3370368784485,25.8695974779003,0.95953760921193
"B4-F4-PLATE 4-NEW-B4-F4-PLATE 3-OLD",11.0027977787859,-9.60051939938852,31.6061149569603,0.476122497192131
"B4-F4-PLATE 4-OLD-B4-F4-PLATE 3-OLD",3.68106985976923,-16.9222473184052,24.2843870379436,0.994126863716123
"B4-F4-PLATE 4-OLD-B4-F4-PLATE 4-NEW",-7.32172791901666,-27.9250450971911,13.2815892591577,0.83292804014194
"B5-F5-PLATE 1-OLD-B5-F5-PLATE 1-NEW",-6.0788567247638,-17.4929192543217,5.33520580479412,0.478906194215818
"B5-F5-PLATE 2-NEW-B5-F5-PLATE 1-NEW",-16.6088801048937,-28.0229426344516,-5.19481757533579,0.00588069399392832
"B5-F5-PLATE 2-OLD-B5-F5-PLATE 1-NEW",-11.2432077194358,-22.6572702489937,0.17085481012211,0.0539019685259046
"B5-F5-PLATE 3-NEW-B5-F5-PLATE 1-NEW",-17.5277049453487,-28.9417674749067,-6.11364241579083,0.00416933556837396
"B5-F5-PLATE 3-OLD-B5-F5-PLATE 1-NEW",-16.676037012824,-28.0900995423819,-5.26197448326609,0.00573262410630326
"B5-F5-PLATE 4-NEW-B5-F5-PLATE 1-NEW",-6.19058327077249,-17.6046458003304,5.22347925878542,0.460336144406858
"B5-F5-PLATE 4-OLD-B5-F5-PLATE 1-NEW",-12.646745978078,-24.0608085076359,-1.23268344852009,0.0292758028169622
"B5-F5-PLATE 2-NEW-B5-F5-PLATE 1-OLD",-10.5300233801299,-21.9440859096878,0.884039149428007,0.0738868368244942
"B5-F5-PLATE 2-OLD-B5-F5-PLATE 1-OLD",-5.16435099467201,-16.5784135242299,6.24971153488591,0.641683621322152
"B5-F5-PLATE 3-NEW-B5-F5-PLATE 1-OLD",-11.4488482205849,-22.8629107501429,-0.0347856910270377,0.0492420374732209
"B5-F5-PLATE 3-OLD-B5-F5-PLATE 1-OLD",-10.5971802880602,-22.0112428176181,0.81688224149771,0.0717184526621122
"B5-F5-PLATE 4-NEW-B5-F5-PLATE 1-OLD",-0.111726546008697,-11.5257890755666,11.3023359835492,0.999999999983685
"B5-F5-PLATE 4-OLD-B5-F5-PLATE 1-OLD",-6.56788925331421,-17.9819517828721,4.84617327624371,0.400755872278959
"B5-F5-PLATE 2-OLD-B5-F5-PLATE 2-NEW",5.3656723854579,-6.04839014410001,16.7797349150158,0.604828184063734
"B5-F5-PLATE 3-NEW-B5-F5-PLATE 2-NEW",-0.918824840455045,-12.332887370013,10.4952376891029,0.999963592615727
"B5-F5-PLATE 3-OLD-B5-F5-PLATE 2-NEW",-0.0671569079302969,-11.4812194374882,11.3469056216276,1
"B5-F5-PLATE 4-NEW-B5-F5-PLATE 2-NEW",10.4182968341212,-0.995765695436704,21.8323593636791,0.0776426670739484
"B5-F5-PLATE 4-OLD-B5-F5-PLATE 2-NEW",3.9621341268157,-7.45192840274221,15.3761966563736,0.846877464191534
"B5-F5-PLATE 3-NEW-B5-F5-PLATE 2-OLD",-6.28449722591294,-17.6985597554709,5.12956530364497,0.445039925502567
"B5-F5-PLATE 3-OLD-B5-F5-PLATE 2-OLD",-5.4328292933882,-16.8468918229461,5.98123323616972,0.59259009042142
"B5-F5-PLATE 4-NEW-B5-F5-PLATE 2-OLD",5.05262444866331,-6.3614380808946,16.4666869782212,0.662148562548572
"B5-F5-PLATE 4-OLD-B5-F5-PLATE 2-OLD",-1.4035382586422,-12.8176007882001,10.0105242709157,0.999407184445794
"B5-F5-PLATE 3-OLD-B5-F5-PLATE 3-NEW",0.851667932524748,-10.5623945970332,12.2657304620827,0.99997818836977
"B5-F5-PLATE 4-NEW-B5-F5-PLATE 3-NEW",11.3371216745763,-0.0769408549816593,22.7511842041342,0.0517197098673533
"B5-F5-PLATE 4-OLD-B5-F5-PLATE 3-NEW",4.88095896727074,-6.53310356228717,16.2950214968287,0.69342285801344
"B5-F5-PLATE 4-NEW-B5-F5-PLATE 3-OLD",10.4854537420515,-0.928608787506407,21.8995162716094,0.0753625268480352
"B5-F5-PLATE 4-OLD-B5-F5-PLATE 3-OLD",4.029291034746,-7.38477149481192,15.4433535643039,0.836969518179425
"B5-F5-PLATE 4-OLD-B5-F5-PLATE 4-NEW",-6.45616270730551,-17.8702252368634,4.9578998222524,0.417867091900311
"B6-F6-PLATE 1-OLD-B6-F6-PLATE 1-NEW",7.85322024768087,-28.6272998058897,44.3337403012514,0.983278064537637
"B6-F6-PLATE 2-NEW-B6-F6-PLATE 1-NEW",-14.2214858899488,-50.7020059435194,22.2590341636217,0.76950712422681
"B6-F6-PLATE 2-OLD-B6-F6-PLATE 1-NEW",-5.85948542522372,-42.3400054787943,30.6210346283468,0.996874273335539
"B6-F6-PLATE 3-NEW-B6-F6-PLATE 1-NEW",-9.66396718969523,-46.1444872432658,26.8165528638753,0.951911755166813
"B6-F6-PLATE 3-OLD-B6-F6-PLATE 1-NEW",-8.47603865398203,-44.9565587075526,28.0044813995885,0.974971713424949
"B6-F6-PLATE 4-NEW-B6-F6-PLATE 1-NEW",-26.3613487460627,-62.8418687996333,10.1191713075078,0.202009498762066
"B6-F6-PLATE 4-OLD-B6-F6-PLATE 1-NEW",-11.0196433178902,-47.5001633714608,25.4608767356803,0.912686478755126
"B6-F6-PLATE 2-NEW-B6-F6-PLATE 1-OLD",-22.0747061376297,-58.5552261912003,14.4058139159409,0.351778548458845
"B6-F6-PLATE 2-OLD-B6-F6-PLATE 1-OLD",-13.7127056729046,-50.1932257264751,22.767814380666,0.796048368037587
"B6-F6-PLATE 3-NEW-B6-F6-PLATE 1-OLD",-17.5171874373761,-53.9977074909467,18.9633326161945,0.583878351545564
"B6-F6-PLATE 3-OLD-B6-F6-PLATE 1-OLD",-16.3292589016629,-52.8097789552335,20.1512611519077,0.651806257469175
"B6-F6-PLATE 4-NEW-B6-F6-PLATE 1-OLD",-34.2145689937436,-70.6950890473141,2.26595105982697,0.0683688395580191
"B6-F6-PLATE 4-OLD-B6-F6-PLATE 1-OLD",-18.8728635655711,-55.3533836191417,17.6076564879995,0.508551343620568
"B6-F6-PLATE 2-OLD-B6-F6-PLATE 2-NEW",8.36200046472511,-28.1185195888454,44.8425205182957,0.976672982070781
"B6-F6-PLATE 3-NEW-B6-F6-PLATE 2-NEW",4.55751870025361,-31.9230013533169,41.0380387538242,0.999344006056456
"B6-F6-PLATE 3-OLD-B6-F6-PLATE 2-NEW",5.74544723596681,-30.7350728176038,42.2259672895374,0.997224069428441
"B6-F6-PLATE 4-NEW-B6-F6-PLATE 2-NEW",-12.1398628561139,-48.6203829096844,24.3406571974567,0.8698494031427
"B6-F6-PLATE 4-OLD-B6-F6-PLATE 2-NEW",3.20184257205861,-33.2786774815119,39.6823626256292,0.999934981922896
"B6-F6-PLATE 3-NEW-B6-F6-PLATE 2-OLD",-3.8044817644715,-40.2850018180421,32.6760382890991,0.999796239285979
"B6-F6-PLATE 3-OLD-B6-F6-PLATE 2-OLD",-2.61655322875831,-39.0970732823289,33.8639668248123,0.999983312630641
"B6-F6-PLATE 4-NEW-B6-F6-PLATE 2-OLD",-20.501863320839,-56.9823833744096,15.9786567327316,0.424342823099709
"B6-F6-PLATE 4-OLD-B6-F6-PLATE 2-OLD",-5.1601578926665,-41.6406779462371,31.3203621609041,0.998564907530445
"B6-F6-PLATE 3-OLD-B6-F6-PLATE 3-NEW",1.1879285357132,-35.2925915178574,37.6684485892838,0.999999927689493
"B6-F6-PLATE 4-NEW-B6-F6-PLATE 3-NEW",-16.6973815563675,-53.177901609938,19.7831384972031,0.630696269644792
"B6-F6-PLATE 4-OLD-B6-F6-PLATE 3-NEW",-1.355676128195,-37.8361961817656,35.1248439253756,0.99999981895014
"B6-F6-PLATE 4-NEW-B6-F6-PLATE 3-OLD",-17.8853100920807,-54.3658301456512,18.5952099614899,0.563086461339876
"B6-F6-PLATE 4-OLD-B6-F6-PLATE 3-OLD",-2.5436046639082,-39.0241247174788,33.9369153896624,0.999986228116649
"B6-F6-PLATE 4-OLD-B6-F6-PLATE 4-NEW",15.3417054281725,-21.1388146253981,51.822225481743,0.708015495507048
"B7-F7-PLATE 1-OLD-B7-F7-PLATE 1-NEW",6.55548799303781,-23.2187121747229,36.3296881607985,0.981134176412333
"B7-F7-PLATE 2-NEW-B7-F7-PLATE 1-NEW",-2.2859670752124,-32.0601672429731,27.4882330925483,0.999973543630368
"B7-F7-PLATE 2-OLD-B7-F7-PLATE 1-NEW",-4.33774875016759,-34.1119489179283,25.4364514175931,0.998276624970649
"B7-F7-PLATE 3-NEW-B7-F7-PLATE 1-NEW",-4.55893477662093,-34.3331349443816,25.2152653911397,0.997661110093859
"B7-F7-PLATE 3-OLD-B7-F7-PLATE 1-NEW",-15.2633524244762,-45.0375525922369,14.5108477432845,0.517871065410356
"B7-F7-PLATE 4-NEW-B7-F7-PLATE 1-NEW",-22.4024710305479,-52.1766711983086,7.37172913721279,0.174355913323775
"B7-F7-PLATE 4-OLD-B7-F7-PLATE 1-NEW",-19.567198529936,-49.3413986976967,10.2070016378246,0.276864668485075
"B7-F7-PLATE 2-NEW-B7-F7-PLATE 1-OLD",-8.84145506825021,-38.6156552360109,20.9327450995105,0.918928093391947
"B7-F7-PLATE 2-OLD-B7-F7-PLATE 1-OLD",-10.8932367432054,-40.6674369109661,18.8809634245553,0.814426114430706
"B7-F7-PLATE 3-NEW-B7-F7-PLATE 1-OLD",-11.1144227696587,-40.8886229374194,18.6597773981019,0.800875027384794
"B7-F7-PLATE 3-OLD-B7-F7-PLATE 1-OLD",-21.818840417514,-51.5930405852747,7.95535975024666,0.192125225976705
"B7-F7-PLATE 4-NEW-B7-F7-PLATE 1-OLD",-28.9579590235857,-58.7321591913464,0.816241144174974,0.0573849719642007
"B7-F7-PLATE 4-OLD-B7-F7-PLATE 1-OLD",-26.1226865229739,-55.8968866907345,3.65151364478682,0.0929070896909506
"B7-F7-PLATE 2-OLD-B7-F7-PLATE 2-NEW",-2.05178167495519,-31.8259818427159,27.7224184928055,0.999987284470638
"B7-F7-PLATE 3-NEW-B7-F7-PLATE 2-NEW",-2.27296770140853,-32.0471678691692,27.5012324663521,0.999974543597084
"B7-F7-PLATE 3-OLD-B7-F7-PLATE 2-NEW",-12.9773853492638,-42.7515855170245,16.7968148184969,0.676339108226289
"B7-F7-PLATE 4-NEW-B7-F7-PLATE 2-NEW",-20.1165039553355,-49.8907041230962,9.65769621242519,0.253663098540702
"B7-F7-PLATE 4-OLD-B7-F7-PLATE 2-NEW",-17.2812314547236,-47.0554316224843,12.492968713037,0.392215208900251
"B7-F7-PLATE 3-NEW-B7-F7-PLATE 2-OLD",-0.221186026453339,-29.995386194214,29.5530141413073,0.999999999997711
"B7-F7-PLATE 3-OLD-B7-F7-PLATE 2-OLD",-10.9256036743086,-40.6998038420693,18.8485964934521,0.812465708511507
"B7-F7-PLATE 4-NEW-B7-F7-PLATE 2-OLD",-18.0647222803803,-47.838922448141,11.7094778873804,0.34924422014612
"B7-F7-PLATE 4-OLD-B7-F7-PLATE 2-OLD",-15.2294497797685,-45.0036499475291,14.5447503879922,0.520137936529769
"B7-F7-PLATE 3-OLD-B7-F7-PLATE 3-NEW",-10.7044176478553,-40.4786178156159,19.0697825199054,0.825700294291472
"B7-F7-PLATE 4-NEW-B7-F7-PLATE 3-NEW",-17.843536253927,-47.6177364216876,11.9306639138337,0.361016333455711
"B7-F7-PLATE 4-OLD-B7-F7-PLATE 3-NEW",-15.0082637533151,-44.7824639210758,14.7659364144456,0.53502601225275
"B7-F7-PLATE 4-NEW-B7-F7-PLATE 3-OLD",-7.13911860607169,-36.9133187738324,22.635081561689,0.97058338835878
"B7-F7-PLATE 4-OLD-B7-F7-PLATE 3-OLD",-4.30384610545985,-34.0780462732205,25.4703540623008,0.99835825503485
"B7-F7-PLATE 4-OLD-B7-F7-PLATE 4-NEW",2.83527250061184,-26.9389276671488,32.6094726683725,0.999888115481
"B8-F8-PLATE 1-OLD-B8-F8-PLATE 1-NEW",12.3864263068703,-47.788565030635,72.5614176443755,0.986897996407416
"B8-F8-PLATE 2-NEW-B8-F8-PLATE 1-NEW",0.527684272067624,-59.6473070654376,60.7026756095729,0.999999999992488
"B8-F8-PLATE 2-OLD-B8-F8-PLATE 1-NEW",4.87112748924778,-55.3038638482575,65.046118826753,0.99996220082654
"B8-F8-PLATE 3-NEW-B8-F8-PLATE 1-NEW",-7.73065875259847,-67.9056500901037,52.4443325849068,0.999216365282141
"B8-F8-PLATE 3-OLD-B8-F8-PLATE 1-NEW",-21.3084979277492,-81.4834892652545,38.866493409756,0.835091163546261
"B8-F8-PLATE 4-NEW-B8-F8-PLATE 1-NEW",-17.8584460002006,-78.0334373377058,42.3165453373047,0.919136770015303
"B8-F8-PLATE 4-OLD-B8-F8-PLATE 1-NEW",1.43925140858667,-58.7357399289186,61.6142427460919,0.999999991573228
"B8-F8-PLATE 2-NEW-B8-F8-PLATE 1-OLD",-11.8587420348026,-72.0337333723079,48.3162493027026,0.989712521717187
"B8-F8-PLATE 2-OLD-B8-F8-PLATE 1-OLD",-7.51529881762249,-67.6902901551277,52.6596925198827,0.999345327202496
"B8-F8-PLATE 3-NEW-B8-F8-PLATE 1-OLD",-20.1170850594687,-80.292076396974,40.0579062780365,0.867479741723229
"B8-F8-PLATE 3-OLD-B8-F8-PLATE 1-OLD",-33.6949242346195,-93.8699155721247,26.4800671028857,0.428012331669586
"B8-F8-PLATE 4-NEW-B8-F8-PLATE 1-OLD",-30.2448723070708,-90.4198636445761,29.9301190304344,0.537959278491791
"B8-F8-PLATE 4-OLD-B8-F8-PLATE 1-OLD",-10.9471748982836,-71.1221662357888,49.2278164392216,0.99347748455075
"B8-F8-PLATE 2-OLD-B8-F8-PLATE 2-NEW",4.34344321718015,-55.8315481203251,64.5184345546854,0.999982580295405
"B8-F8-PLATE 3-NEW-B8-F8-PLATE 2-NEW",-8.2583430246661,-68.4333343621713,51.9166483128391,0.998811641154884
"B8-F8-PLATE 3-OLD-B8-F8-PLATE 2-NEW",-21.8361821998168,-82.0111735373221,38.3388091376884,0.81976527743059
"B8-F8-PLATE 4-NEW-B8-F8-PLATE 2-NEW",-18.3861302722682,-78.5611216097734,41.788861065237,0.908298732879174
"B8-F8-PLATE 4-OLD-B8-F8-PLATE 2-NEW",0.911567136519047,-59.2634242009862,61.0865584740243,0.999999999652969
"B8-F8-PLATE 3-NEW-B8-F8-PLATE 2-OLD",-12.6017862418462,-72.7767775793515,47.573205095659,0.985599924480008
"B8-F8-PLATE 3-OLD-B8-F8-PLATE 2-OLD",-26.179625416997,-86.3546167545022,33.9953659205082,0.678007393452521
"B8-F8-PLATE 4-NEW-B8-F8-PLATE 2-OLD",-22.7295734894483,-82.9045648269536,37.4454178480569,0.792621379281729
"B8-F8-PLATE 4-OLD-B8-F8-PLATE 2-OLD",-3.43187608066111,-63.6068674181663,56.7431152568441,0.999996510669967
"B8-F8-PLATE 3-OLD-B8-F8-PLATE 3-NEW",-13.5778391751507,-73.752830512656,46.5971521623545,0.978518857571697
"B8-F8-PLATE 4-NEW-B8-F8-PLATE 3-NEW",-10.1277872476021,-70.3027785851073,50.0472040899031,0.995866221946926
"B8-F8-PLATE 4-OLD-B8-F8-PLATE 3-NEW",9.16991016118514,-51.0050811763201,69.3449014986904,0.997728327393866
"B8-F8-PLATE 4-NEW-B8-F8-PLATE 3-OLD",3.45005192754865,-56.7249394099566,63.6250432650539,0.999996381868732
"B8-F8-PLATE 4-OLD-B8-F8-PLATE 3-OLD",22.7477493363359,-37.4272420011693,82.9227406738411,0.792054886811486
"B8-F8-PLATE 4-OLD-B8-F8-PLATE 4-NEW",19.2976974087872,-40.877293928718,79.4726887462925,0.887779641284203
"C2-G2-PLATE 1-OLD-C2-G2-PLATE 1-NEW",-6.1626145775377,-17.5343016574155,5.20907250234015,0.46115941344278
"C2-G2-PLATE 2-NEW-C2-G2-PLATE 1-NEW",-0.0488720253729014,-11.4205591052507,11.3228150545049,1
"C2-G2-PLATE 2-OLD-C2-G2-PLATE 1-NEW",-3.1048795323322,-14.47656661221,8.26680754754564,0.944538577878796
"C2-G2-PLATE 3-NEW-C2-G2-PLATE 1-NEW",-9.3610302914195,-20.7327173712973,2.01065678845834,0.122239561536628
"C2-G2-PLATE 3-OLD-C2-G2-PLATE 1-NEW",-10.15927126689,-21.5309583467678,1.21241581298788,0.0856561626113178
"C2-G2-PLATE 4-NEW-C2-G2-PLATE 1-NEW",-1.4843089805257,-12.8559960604035,9.88737809935214,0.999133363340128
"C2-G2-PLATE 4-OLD-C2-G2-PLATE 1-NEW",-7.667835552665,-19.0395226325428,3.70385152721284,0.255295430642097
"C2-G2-PLATE 2-NEW-C2-G2-PLATE 1-OLD",6.1137425521648,-5.25794452771305,17.4854296320426,0.469272072990327
"C2-G2-PLATE 2-OLD-C2-G2-PLATE 1-OLD",3.0577350452055,-8.31395203467235,14.4294221250833,0.948382851599477
"C2-G2-PLATE 3-NEW-C2-G2-PLATE 1-OLD",-3.1984157138818,-14.5701027937596,8.17327136599604,0.936391713490182
"C2-G2-PLATE 3-OLD-C2-G2-PLATE 1-OLD",-3.99665668935227,-15.3683437692301,7.37503039052558,0.839613312836733
"C2-G2-PLATE 4-NEW-C2-G2-PLATE 1-OLD",4.678305597012,-6.69338148286585,16.0499926768898,0.726675508138544
"C2-G2-PLATE 4-OLD-C2-G2-PLATE 1-OLD",-1.5052209751273,-12.8769080550051,9.86646610475054,0.999053256820542
"C2-G2-PLATE 2-OLD-C2-G2-PLATE 2-NEW",-3.0560075069593,-14.4276945868371,8.31567957291854,0.948520403024234
"C2-G2-PLATE 3-NEW-C2-G2-PLATE 2-NEW",-9.3121582660466,-20.6838453459244,2.05952881383124,0.124922350223022
"C2-G2-PLATE 3-OLD-C2-G2-PLATE 2-NEW",-10.1103992415171,-21.4820863213949,1.26128783836078,0.0875434290058918
"C2-G2-PLATE 4-NEW-C2-G2-PLATE 2-NEW",-1.4354369551528,-12.8071240350306,9.93625012472504,0.999299300659737
"C2-G2-PLATE 4-OLD-C2-G2-PLATE 2-NEW",-7.6189635272921,-18.9906506071699,3.75272355258574,0.260576786542757
"C2-G2-PLATE 3-NEW-C2-G2-PLATE 2-OLD",-6.2561507590873,-17.6278378389651,5.11553632079054,0.445852242635321
"C2-G2-PLATE 3-OLD-C2-G2-PLATE 2-OLD",-7.05439173455776,-18.4260788144356,4.31729534532008,0.328400466278397
"C2-G2-PLATE 4-NEW-C2-G2-PLATE 2-OLD",1.6205705518065,-9.75111652807134,12.9922576316843,0.998496766000779
"C2-G2-PLATE 4-OLD-C2-G2-PLATE 2-OLD",-4.5629560203328,-15.9346431002106,6.80873105954504,0.747058326060016
"C2-G2-PLATE 3-OLD-C2-G2-PLATE 3-NEW",-0.798240975470463,-12.1699280553483,10.5734461044074,0.999985584168392
"C2-G2-PLATE 4-NEW-C2-G2-PLATE 3-NEW",7.8767213108938,-3.49496576898404,19.2484083907716,0.233742740499615
"C2-G2-PLATE 4-OLD-C2-G2-PLATE 3-NEW",1.6931947387545,-9.67849234112334,13.0648818186323,0.998029122060752
"C2-G2-PLATE 4-NEW-C2-G2-PLATE 3-OLD",8.67496228636426,-2.69672479351358,20.0466493662421,0.165522431692307
"C2-G2-PLATE 4-OLD-C2-G2-PLATE 3-OLD",2.49143571422496,-8.88025136565288,13.8631227941028,0.98162363314577
"C2-G2-PLATE 4-OLD-C2-G2-PLATE 4-NEW",-6.1835265721393,-17.5552136520171,5.18816050773854,0.457711807456872
"C3-G3-PLATE 1-OLD-C3-G3-PLATE 1-NEW",-5.05643779192695,-13.6504562294154,3.53758064556148,0.378849050352726
"C3-G3-PLATE 2-NEW-C3-G3-PLATE 1-NEW",-1.443683390147,-10.0377018276354,7.15033504734143,0.99591247928123
"C3-G3-PLATE 2-OLD-C3-G3-PLATE 1-NEW",-3.8206185601325,-12.4146369976209,4.77339987735593,0.658178767672808
"C3-G3-PLATE 3-NEW-C3-G3-PLATE 1-NEW",-6.24768242470785,-14.8417008621963,2.34633601278058,0.197721805048541
"C3-G3-PLATE 3-OLD-C3-G3-PLATE 1-NEW",-9.57480072143915,-18.1688191589276,-0.980782283950717,0.0284122322378011
"C3-G3-PLATE 4-NEW-C3-G3-PLATE 1-NEW",3.2825803906691,-5.31143804681934,11.8765988281575,0.784628041024903
"C3-G3-PLATE 4-OLD-C3-G3-PLATE 1-NEW",-5.8716602398443,-14.4656786773327,2.72235819764413,0.244607493168773
"C3-G3-PLATE 2-NEW-C3-G3-PLATE 1-OLD",3.61275440177995,-4.98126403570848,12.2067728392684,0.708354207449246
"C3-G3-PLATE 2-OLD-C3-G3-PLATE 1-OLD",1.23581923179445,-7.35819920569398,9.82983766928289,0.998410282100496
"C3-G3-PLATE 3-NEW-C3-G3-PLATE 1-OLD",-1.1912446327809,-9.78526307026934,7.40277380470753,0.998735194081763
"C3-G3-PLATE 3-OLD-C3-G3-PLATE 1-OLD",-4.5183629295122,-13.1123813670006,4.07565550797624,0.492069051276572
"C3-G3-PLATE 4-NEW-C3-G3-PLATE 1-OLD",8.33901818259605,-0.255000254892385,16.9330366200845,0.0580411634565604
"C3-G3-PLATE 4-OLD-C3-G3-PLATE 1-OLD",-0.81522244791735,-9.40924088540578,7.77879598957109,0.999890939957903
"C3-G3-PLATE 2-OLD-C3-G3-PLATE 2-NEW",-2.3769351699855,-10.9709536074739,6.21708326750293,0.941113150874375
"C3-G3-PLATE 3-NEW-C3-G3-PLATE 2-NEW",-4.80399903456085,-13.3980174720493,3.79001940292758,0.429733066191721
"C3-G3-PLATE 3-OLD-C3-G3-PLATE 2-NEW",-8.13111733129215,-16.7251357687806,0.462901106196284,0.0655759641571373
"C3-G3-PLATE 4-NEW-C3-G3-PLATE 2-NEW",4.7262637808161,-3.86775465667234,13.3202822183045,0.446227277919818
"C3-G3-PLATE 4-OLD-C3-G3-PLATE 2-NEW",-4.4279768496973,-13.0219952871857,4.16604158779113,0.512705718747442
"C3-G3-PLATE 3-NEW-C3-G3-PLATE 2-OLD",-2.42706386457535,-11.0210823020638,6.16695457291308,0.935195481539725
"C3-G3-PLATE 3-OLD-C3-G3-PLATE 2-OLD",-5.75418216130665,-14.3482005987951,2.83983627618179,0.261119548085115
"C3-G3-PLATE 4-NEW-C3-G3-PLATE 2-OLD",7.1031989508016,-1.49081948668684,15.69721738829,0.120192953891179
"C3-G3-PLATE 4-OLD-C3-G3-PLATE 2-OLD",-2.0510416797118,-10.6450601172002,6.54297675777663,0.971274028832999
"C3-G3-PLATE 3-OLD-C3-G3-PLATE 3-NEW",-3.3271182967313,-11.9211367342197,5.26690014075714,0.774715569699548
"C3-G3-PLATE 4-NEW-C3-G3-PLATE 3-NEW",9.53026281537695,0.936244377888515,18.1242812528654,0.0291408925893795
"C3-G3-PLATE 4-OLD-C3-G3-PLATE 3-NEW",0.376022184863551,-8.21799625262488,8.97004062235199,0.999999438518527
"C3-G3-PLATE 4-NEW-C3-G3-PLATE 3-OLD",12.8573811121082,4.26336267461981,21.4513995495967,0.00492999178756881
"C3-G3-PLATE 4-OLD-C3-G3-PLATE 3-OLD",3.70314048159485,-4.89087795589359,12.2971589190833,0.686649462003699
"C3-G3-PLATE 4-OLD-C3-G3-PLATE 4-NEW",-9.1542406305134,-17.7482590680018,-0.560222193024964,0.0361372373378712
"C4-G4-PLATE 1-OLD-C4-G4-PLATE 1-NEW",-1.72810757720954,-14.5811567682547,11.1249416138356,0.998955262691219
"C4-G4-PLATE 2-NEW-C4-G4-PLATE 1-NEW",-2.56750111294764,-15.4205503039928,10.2855480780975,0.988903298942198
"C4-G4-PLATE 2-OLD-C4-G4-PLATE 1-NEW",-1.47636819853119,-14.3294173895763,11.3766809925139,0.99961763771316
"C4-G4-PLATE 3-NEW-C4-G4-PLATE 1-NEW",-6.57295697117079,-19.4260061622159,6.28009221987435,0.52034795447968
"C4-G4-PLATE 3-OLD-C4-G4-PLATE 1-NEW",-10.8043777811596,-23.6574269722047,2.04867140988555,0.111929292189374
"C4-G4-PLATE 4-NEW-C4-G4-PLATE 1-NEW",6.10921834416006,-6.74383084688508,18.9622675352052,0.593969121003701
"C4-G4-PLATE 4-OLD-C4-G4-PLATE 1-NEW",-0.730370067645342,-13.5834192586905,12.1226791233998,0.999996596652884
"C4-G4-PLATE 2-NEW-C4-G4-PLATE 1-OLD",-0.8393935357381,-13.6924427267832,12.013655655307,0.999991181160592
"C4-G4-PLATE 2-OLD-C4-G4-PLATE 1-OLD",0.251739378678348,-12.6013098123668,13.1047885697235,0.999999997910817
"C4-G4-PLATE 3-NEW-C4-G4-PLATE 1-OLD",-4.84484939396125,-17.6978985850064,8.00819979708389,0.794087295642108
"C4-G4-PLATE 3-OLD-C4-G4-PLATE 1-OLD",-9.07627020395005,-21.9293193949952,3.77677898709509,0.218934640608183
"C4-G4-PLATE 4-NEW-C4-G4-PLATE 1-OLD",7.8373259213696,-5.01572326967554,20.6903751124147,0.344509344366399
"C4-G4-PLATE 4-OLD-C4-G4-PLATE 1-OLD",0.9977375095642,-11.8553116814809,13.8507867006093,0.999971502434996
"C4-G4-PLATE 2-OLD-C4-G4-PLATE 2-NEW",1.09113291441645,-11.7619162766287,13.9441821054616,0.999947975094882
"C4-G4-PLATE 3-NEW-C4-G4-PLATE 2-NEW",-4.00545585822315,-16.8585050492683,8.84759333282199,0.900318835883033
"C4-G4-PLATE 3-OLD-C4-G4-PLATE 2-NEW",-8.23687666821195,-21.0899258592571,4.61617252283319,0.298851644323031
"C4-G4-PLATE 4-NEW-C4-G4-PLATE 2-NEW",8.6767194571077,-4.17632973393744,21.5297686481528,0.254347839060227
"C4-G4-PLATE 4-OLD-C4-G4-PLATE 2-NEW",1.8371310453023,-11.0159181457428,14.6901802363474,0.998468766506576
"C4-G4-PLATE 3-NEW-C4-G4-PLATE 2-OLD",-5.0965887726396,-17.9496379636847,7.75646041840554,0.756424348092008
"C4-G4-PLATE 3-OLD-C4-G4-PLATE 2-OLD",-9.3280095826284,-22.1810587736735,3.52503960841674,0.198928579752571
"C4-G4-PLATE 4-NEW-C4-G4-PLATE 2-OLD",7.58558654269125,-5.26746264835389,20.4386357337364,0.375851954072583
"C4-G4-PLATE 4-OLD-C4-G4-PLATE 2-OLD",0.745998130885852,-12.1070510601593,13.599047321931,0.999996064568546
"C4-G4-PLATE 3-OLD-C4-G4-PLATE 3-NEW",-4.2314208099888,-17.0844700010339,8.62162838105634,0.875272738411229
"C4-G4-PLATE 4-NEW-C4-G4-PLATE 3-NEW",12.6821753153308,-0.170873875714291,25.535224506376,0.0534502995152178
"C4-G4-PLATE 4-OLD-C4-G4-PLATE 3-NEW",5.84258690352545,-7.01046228751969,18.6956360945706,0.637262524490825
"C4-G4-PLATE 4-NEW-C4-G4-PLATE 3-OLD",16.9135961253196,4.06054693427451,29.7666453163648,0.0109341978276306
"C4-G4-PLATE 4-OLD-C4-G4-PLATE 3-OLD",10.0740077135142,-2.77904147753089,22.9270569045594,0.149072280165719
"C4-G4-PLATE 4-OLD-C4-G4-PLATE 4-NEW",-6.8395884118054,-19.6926376028505,6.01346077923974,0.479747487014174
"C5-G5-PLATE 1-OLD-C5-G5-PLATE 1-NEW",-0.337546154645114,-17.3350552410011,16.6599629317109,0.999999997699104
"C5-G5-PLATE 2-NEW-C5-G5-PLATE 1-NEW",-5.74936406893586,-22.7468731552919,11.2481450174202,0.861299059133614
"C5-G5-PLATE 2-OLD-C5-G5-PLATE 1-NEW",-3.35084042517786,-20.3483495115339,13.6466686611782,0.989693130197414
"C5-G5-PLATE 3-NEW-C5-G5-PLATE 1-NEW",-7.1716384671162,-24.1691475534722,9.82587061923983,0.705185193763837
"C5-G5-PLATE 3-OLD-C5-G5-PLATE 1-NEW",-5.84768737877751,-22.8451964651335,11.1498217075785,0.851978917509485
"C5-G5-PLATE 4-NEW-C5-G5-PLATE 1-NEW",5.09679950702819,-11.9007095793278,22.0943085933842,0.915418027559397
"C5-G5-PLATE 4-OLD-C5-G5-PLATE 1-NEW",-4.49227107886801,-21.489780165224,12.505238007488,0.952444720786696
"C5-G5-PLATE 2-NEW-C5-G5-PLATE 1-OLD",-5.41181791429075,-22.4093270006468,11.5856911720653,0.891044015850744
"C5-G5-PLATE 2-OLD-C5-G5-PLATE 1-OLD",-3.01329427053275,-20.0108033568888,13.9842148158233,0.994387398957423
"C5-G5-PLATE 3-NEW-C5-G5-PLATE 1-OLD",-6.83409231247109,-23.8316013988271,10.1634167738849,0.745447664330352
"C5-G5-PLATE 3-OLD-C5-G5-PLATE 1-OLD",-5.51014122413239,-22.5076503104884,11.4873678622236,0.882753451223222
"C5-G5-PLATE 4-NEW-C5-G5-PLATE 1-OLD",5.4343456616733,-11.5631634246827,22.4318547480293,0.889172466768248
"C5-G5-PLATE 4-OLD-C5-G5-PLATE 1-OLD",-4.1547249242229,-21.1522340105789,12.8427841621331,0.96757917730908
"C5-G5-PLATE 2-OLD-C5-G5-PLATE 2-NEW",2.398523643758,-14.598985442598,19.396032730114,0.998586200948332
"C5-G5-PLATE 3-NEW-C5-G5-PLATE 2-NEW",-1.42227439818034,-18.4197834845364,15.5752346881757,0.999952778486707
"C5-G5-PLATE 3-OLD-C5-G5-PLATE 2-NEW",-0.0983233098416427,-17.0958323961977,16.8991857765144,1
"C5-G5-PLATE 4-NEW-C5-G5-PLATE 2-NEW",10.8461635759641,-6.15134551039198,27.8436726623201,0.302683700128355
"C5-G5-PLATE 4-OLD-C5-G5-PLATE 2-NEW",1.25709299006785,-15.7404160962882,18.2546020764239,0.999979458258151
"C5-G5-PLATE 3-NEW-C5-G5-PLATE 2-OLD",-3.82079804193834,-20.8183071282944,13.1767110444177,0.978943266131427
"C5-G5-PLATE 3-OLD-C5-G5-PLATE 2-OLD",-2.49684695359965,-19.4943560399557,14.5006621327564,0.998186609249387
"C5-G5-PLATE 4-NEW-C5-G5-PLATE 2-OLD",8.44763993220605,-8.54986915414998,25.4451490185621,0.549355647298825
"C5-G5-PLATE 4-OLD-C5-G5-PLATE 2-OLD",-1.14143065369015,-18.1389397400462,15.8560784326659,0.999989335981022
"C5-G5-PLATE 3-OLD-C5-G5-PLATE 3-NEW",1.3239510883387,-15.6735579980173,18.3214601746947,0.999970841009003
"C5-G5-PLATE 4-NEW-C5-G5-PLATE 3-NEW",12.2684379741444,-4.72907111221164,29.2659470605004,0.202839859184145
"C5-G5-PLATE 4-OLD-C5-G5-PLATE 3-NEW",2.67936738824819,-14.3181416981078,19.6768764746042,0.997209162749681
"C5-G5-PLATE 4-NEW-C5-G5-PLATE 3-OLD",10.9444868858057,-6.05302220055034,27.9419959721617,0.294659365253544
"C5-G5-PLATE 4-OLD-C5-G5-PLATE 3-OLD",1.3554162999095,-15.6420927864465,18.3529253862655,0.999965837704816
"C5-G5-PLATE 4-OLD-C5-G5-PLATE 4-NEW",-9.5890705858962,-26.5865796722522,7.40843850045983,0.420506232905194
"C6-G6-PLATE 1-OLD-C6-G6-PLATE 1-NEW",3.46266317509254,-22.6398805534826,29.5652069036677,0.999040071895915
"C6-G6-PLATE 2-NEW-C6-G6-PLATE 1-NEW",3.20774181487209,-22.8948019137031,29.3102855434472,0.999409515655873
"C6-G6-PLATE 2-OLD-C6-G6-PLATE 1-NEW",6.09389696276044,-20.0086467658147,32.1964406913356,0.974344070027783
"C6-G6-PLATE 3-NEW-C6-G6-PLATE 1-NEW",1.95467414527319,-24.147869583302,28.0572178738483,0.999977651149164
"C6-G6-PLATE 3-OLD-C6-G6-PLATE 1-NEW",1.28345661930729,-24.8190871092678,27.3860003478824,0.999998742595175
"C6-G6-PLATE 4-NEW-C6-G6-PLATE 1-NEW",-1.67685859008683,-27.779402318662,24.4256851384883,0.999992117796364
"C6-G6-PLATE 4-OLD-C6-G6-PLATE 1-NEW",4.27789653129419,-21.8246471972809,30.3804402598693,0.996472397992452
"C6-G6-PLATE 2-NEW-C6-G6-PLATE 1-OLD",-0.25492136022045,-26.3574650887956,25.8476223683547,0.999999999983944
"C6-G6-PLATE 2-OLD-C6-G6-PLATE 1-OLD",2.6312337876679,-23.4713099409072,28.733777516243,0.999837023210955
"C6-G6-PLATE 3-NEW-C6-G6-PLATE 1-OLD",-1.50798902981935,-27.6105327583945,24.5945546987558,0.999996187907122
"C6-G6-PLATE 3-OLD-C6-G6-PLATE 1-OLD",-2.17920655578525,-28.2817502843604,23.9233371727899,0.999953490037747
"C6-G6-PLATE 4-NEW-C6-G6-PLATE 1-OLD",-5.13952176517937,-31.2420654937545,20.9630219633958,0.989763234304952
"C6-G6-PLATE 4-OLD-C6-G6-PLATE 1-OLD",0.815233356201652,-25.2873103723735,26.9177770847768,0.999999945915132
"C6-G6-PLATE 2-OLD-C6-G6-PLATE 2-NEW",2.88615514788835,-23.2163885806868,28.9886988764635,0.999701409343656
"C6-G6-PLATE 3-NEW-C6-G6-PLATE 2-NEW",-1.2530676695989,-27.355611398174,24.8494760589762,0.999998934219132
"C6-G6-PLATE 3-OLD-C6-G6-PLATE 2-NEW",-1.9242851955648,-28.0268289241399,24.1782585330103,0.999979900478158
"C6-G6-PLATE 4-NEW-C6-G6-PLATE 2-NEW",-4.88460040495892,-30.9871441335341,21.2179433236162,0.992327100523307
"C6-G6-PLATE 4-OLD-C6-G6-PLATE 2-NEW",1.0701547164221,-25.032389012153,27.1726984449972,0.999999642139859
"C6-G6-PLATE 3-NEW-C6-G6-PLATE 2-OLD",-4.13922281748725,-30.2417665460624,21.9633209110879,0.997106693444265
"C6-G6-PLATE 3-OLD-C6-G6-PLATE 2-OLD",-4.81044034345315,-30.9129840720283,21.292103385122,0.992972178521476
"C6-G6-PLATE 4-NEW-C6-G6-PLATE 2-OLD",-7.77075555284727,-33.8732992814224,18.3317881757279,0.918029179639736
"C6-G6-PLATE 4-OLD-C6-G6-PLATE 2-OLD",-1.81600043146625,-27.9185441600414,24.2865432971089,0.999986432534683
"C6-G6-PLATE 3-OLD-C6-G6-PLATE 3-NEW",-0.671217525965899,-26.773761254541,25.4313262026092,0.999999986034575
"C6-G6-PLATE 4-NEW-C6-G6-PLATE 3-NEW",-3.63153273536002,-29.7340764639352,22.4710109932151,0.998705701314432
"C6-G6-PLATE 4-OLD-C6-G6-PLATE 3-NEW",2.323222386021,-23.7793213425541,28.4257661145961,0.99992862207979
"C6-G6-PLATE 4-NEW-C6-G6-PLATE 3-OLD",-2.96031520939412,-29.0628589379693,23.142228519181,0.999647922483902
"C6-G6-PLATE 4-OLD-C6-G6-PLATE 3-OLD",2.9944399119869,-23.1081038165882,29.096983640562,0.999620790722166
"C6-G6-PLATE 4-OLD-C6-G6-PLATE 4-NEW",5.95475512138102,-20.1477886071941,32.0572988499562,0.977246001609481
"C7-G7-PLATE 1-OLD-C7-G7-PLATE 1-NEW",9.04122725719865,-6.94866651313305,25.0311210275304,0.418218804447018
"C7-G7-PLATE 2-NEW-C7-G7-PLATE 1-NEW",5.7361537103207,-10.253740060011,21.7260474806524,0.827073771855418
"C7-G7-PLATE 2-OLD-C7-G7-PLATE 1-NEW",8.68902613988455,-7.30086763044715,24.6789199102163,0.458381338032501
"C7-G7-PLATE 3-NEW-C7-G7-PLATE 1-NEW",4.43304782949465,-11.5568459408371,20.4229415998264,0.940460655454666
"C7-G7-PLATE 3-OLD-C7-G7-PLATE 1-NEW",4.15505361198141,-11.8348401583503,20.1449473823131,0.956159595983303
"C7-G7-PLATE 4-NEW-C7-G7-PLATE 1-NEW",7.21326484982695,-8.77662892050475,23.2031586201587,0.644489478094171
"C7-G7-PLATE 4-OLD-C7-G7-PLATE 1-NEW",6.67630529886775,-9.31358847146395,22.6661990691995,0.714187139116026
"C7-G7-PLATE 2-NEW-C7-G7-PLATE 1-OLD",-3.30507354687795,-19.2949673172097,12.6848202234538,0.986595131974334
"C7-G7-PLATE 2-OLD-C7-G7-PLATE 1-OLD",-0.352201117314099,-16.3420948876458,15.6376926530176,0.999999995257164
"C7-G7-PLATE 3-NEW-C7-G7-PLATE 1-OLD",-4.608179427704,-20.5980731980357,11.3817143426277,0.928986810700143
"C7-G7-PLATE 3-OLD-C7-G7-PLATE 1-OLD",-4.88617364521724,-20.8760674155489,11.1037201251145,0.908254577910641
"C7-G7-PLATE 4-NEW-C7-G7-PLATE 1-OLD",-1.8279624073717,-17.8178561777034,14.16193136296,0.999629236115327
"C7-G7-PLATE 4-OLD-C7-G7-PLATE 1-OLD",-2.3649219583309,-18.3548157286626,13.6249718120008,0.998108717756225
"C7-G7-PLATE 2-OLD-C7-G7-PLATE 2-NEW",2.95287242956385,-13.0370213407679,18.9427661998956,0.992888143416879
"C7-G7-PLATE 3-NEW-C7-G7-PLATE 2-NEW",-1.30310588082605,-17.2929996511578,14.6867878895057,0.999960451638633
"C7-G7-PLATE 3-OLD-C7-G7-PLATE 2-NEW",-1.5811000983393,-17.570993868671,14.4087936719924,0.999856456011663
"C7-G7-PLATE 4-NEW-C7-G7-PLATE 2-NEW",1.47711113950625,-14.5127826308255,17.467004909838,0.999908542908717
"C7-G7-PLATE 4-OLD-C7-G7-PLATE 2-NEW",0.940151588547049,-15.0497421817847,16.9300453588788,0.999995699389707
"C7-G7-PLATE 3-NEW-C7-G7-PLATE 2-OLD",-4.2559783103899,-20.2458720807216,11.7339154599418,0.950813333470827
"C7-G7-PLATE 3-OLD-C7-G7-PLATE 2-OLD",-4.53397252790315,-20.5238662982349,11.4559212424286,0.933998935141909
"C7-G7-PLATE 4-NEW-C7-G7-PLATE 2-OLD",-1.4757612900576,-17.4656550603893,14.5141324802741,0.999909097263129
"C7-G7-PLATE 4-OLD-C7-G7-PLATE 2-OLD",-2.0127208410168,-18.0026146113485,13.9771729293149,0.999311740178861
"C7-G7-PLATE 3-OLD-C7-G7-PLATE 3-NEW",-0.277994217513244,-16.2678879878449,15.7118995528185,0.999999999091256
"C7-G7-PLATE 4-NEW-C7-G7-PLATE 3-NEW",2.7802170203323,-13.2096767499994,18.770110790664,0.994990017197171
"C7-G7-PLATE 4-OLD-C7-G7-PLATE 3-NEW",2.2432574693731,-13.7466363009586,18.2331512397048,0.998636488736093
"C7-G7-PLATE 4-NEW-C7-G7-PLATE 3-OLD",3.05821123784554,-12.9316825324862,19.0481050081772,0.991311045165639
"C7-G7-PLATE 4-OLD-C7-G7-PLATE 3-OLD",2.52125168688634,-13.4686420834454,18.511145457218,0.997204349021539
"C7-G7-PLATE 4-OLD-C7-G7-PLATE 4-NEW",-0.536959550959198,-16.5268533212909,15.4529342193725,0.999999910433458
"C8-G8-PLATE 1-OLD-C8-G8-PLATE 1-NEW",2.10997930544261,-17.4026152784608,21.6225738893461,0.999741754607685
"C8-G8-PLATE 2-NEW-C8-G8-PLATE 1-NEW",0.509511333482562,-19.0030832504209,20.022105917386,0.999999984459249
"C8-G8-PLATE 2-OLD-C8-G8-PLATE 1-NEW",1.29172042133296,-18.2208741625705,20.8043150052364,0.999990326091083
"C8-G8-PLATE 3-NEW-C8-G8-PLATE 1-NEW",-3.54758983177821,-23.0601844156817,15.9650047521252,0.993500694451306
"C8-G8-PLATE 3-OLD-C8-G8-PLATE 1-NEW",-0.959998623487662,-20.4725932073911,18.5525959604158,0.999998737447666
"C8-G8-PLATE 4-NEW-C8-G8-PLATE 1-NEW",6.25819685767821,-13.2543977262252,25.7707914415817,0.887732462955816
"C8-G8-PLATE 4-OLD-C8-G8-PLATE 1-NEW",-2.58104519477915,-22.0936397786826,16.9315493891243,0.999057303438514
"C8-G8-PLATE 2-NEW-C8-G8-PLATE 1-OLD",-1.60046797196005,-21.1130625558635,17.9121266119434,0.999958701082263
"C8-G8-PLATE 2-OLD-C8-G8-PLATE 1-OLD",-0.81825888410965,-20.3308534680131,18.6943356997938,0.999999581513951
"C8-G8-PLATE 3-NEW-C8-G8-PLATE 1-OLD",-5.65756913722082,-25.1701637211243,13.8550254466826,0.927038024775495
"C8-G8-PLATE 3-OLD-C8-G8-PLATE 1-OLD",-3.06997792893027,-22.5825725128337,16.4426166549732,0.997241148885728
"C8-G8-PLATE 4-NEW-C8-G8-PLATE 1-OLD",4.1482175522356,-15.3643770316678,23.660812136139,0.984372572219367
"C8-G8-PLATE 4-OLD-C8-G8-PLATE 1-OLD",-4.69102450022176,-24.2036190841252,14.8215700836817,0.970185555531651
"C8-G8-PLATE 2-OLD-C8-G8-PLATE 2-NEW",0.782209087850399,-18.730385496053,20.2948036717538,0.999999693731066
"C8-G8-PLATE 3-NEW-C8-G8-PLATE 2-NEW",-4.05710116526077,-23.5696957491642,15.4554934186427,0.986153783626591
"C8-G8-PLATE 3-OLD-C8-G8-PLATE 2-NEW",-1.46950995697022,-20.9821045408737,18.0430846269332,0.999976775947563
"C8-G8-PLATE 4-NEW-C8-G8-PLATE 2-NEW",5.74868552419565,-13.7639090597078,25.2612801080991,0.921688101874259
"C8-G8-PLATE 4-OLD-C8-G8-PLATE 2-NEW",-3.09055652826172,-22.6031511121652,16.4220380556417,0.997127330379545
"C8-G8-PLATE 3-NEW-C8-G8-PLATE 2-OLD",-4.83931025311117,-24.3519048370146,14.6732843307923,0.965133293816449
"C8-G8-PLATE 3-OLD-C8-G8-PLATE 2-OLD",-2.25171904482062,-21.7643136287241,17.2608755390828,0.999606014917218
"C8-G8-PLATE 4-NEW-C8-G8-PLATE 2-OLD",4.96647643634525,-14.5461181475582,24.4790710202487,0.960365024117717
"C8-G8-PLATE 4-OLD-C8-G8-PLATE 2-OLD",-3.87276561611212,-23.3853602000156,15.6398289677913,0.989295349825746
"C8-G8-PLATE 3-OLD-C8-G8-PLATE 3-NEW",2.58759120829055,-16.9250033756129,22.100185792194,0.999042116035804
"C8-G8-PLATE 4-NEW-C8-G8-PLATE 3-NEW",9.80578668945642,-9.70680789444702,29.3183812733599,0.538118885088141
"C8-G8-PLATE 4-OLD-C8-G8-PLATE 3-NEW",0.966544636999058,-18.5460499469044,20.4791392209025,0.999998676864556
"C8-G8-PLATE 4-NEW-C8-G8-PLATE 3-OLD",7.21819548116587,-12.2943991027376,26.7307900650693,0.807058312299021
"C8-G8-PLATE 4-OLD-C8-G8-PLATE 3-OLD",-1.62104657129149,-21.1336411551949,17.8915480126119,0.999954999949413
"C8-G8-PLATE 4-OLD-C8-G8-PLATE 4-NEW",-8.83924205245737,-28.3518366363608,10.6733525314461,0.640539642740259
"D2-H2-PLATE 1-OLD-D2-H2-PLATE 1-NEW",2.99355467533303,-96.6028939335594,102.590003284226,0.999999958585557
"D2-H2-PLATE 2-NEW-D2-H2-PLATE 1-NEW",-19.9375288314324,-119.533977440325,79.6589197774601,0.988771101225931
"D2-H2-PLATE 2-OLD-D2-H2-PLATE 1-NEW",46.7000353518741,-52.8964132570184,146.296483960767,0.607330248206177
"D2-H2-PLATE 3-NEW-D2-H2-PLATE 1-NEW",-79.3961410129359,-178.992589621828,20.2003075959566,0.139371011310041
"D2-H2-PLATE 3-OLD-D2-H2-PLATE 1-NEW",-27.0204995840899,-126.616948192982,72.5759490248026,0.946169727759781
"D2-H2-PLATE 4-NEW-D2-H2-PLATE 1-NEW",37.1481020898681,-62.4483465190244,136.744550698761,0.801436818960826
"D2-H2-PLATE 4-OLD-D2-H2-PLATE 1-NEW",27.5571965453961,-72.0392520634964,127.153645154289,0.941006392891212
"D2-H2-PLATE 2-NEW-D2-H2-PLATE 1-OLD",-22.9310835067654,-122.527532115658,76.665365102127,0.976126154060279
"D2-H2-PLATE 2-OLD-D2-H2-PLATE 1-OLD",43.706480676541,-55.8899679323514,143.302929285434,0.670141251278308
"D2-H2-PLATE 3-NEW-D2-H2-PLATE 1-OLD",-82.3896956882689,-181.986144297161,17.2067529206235,0.119764118151273
"D2-H2-PLATE 3-OLD-D2-H2-PLATE 1-OLD",-30.0140542594229,-129.610502868315,69.5823943494695,0.913571195004765
"D2-H2-PLATE 4-NEW-D2-H2-PLATE 1-OLD",34.154547414535,-65.4419011943574,133.750996023428,0.853777166502371
"D2-H2-PLATE 4-OLD-D2-H2-PLATE 1-OLD",24.5636418700631,-75.0328067388294,124.160090478956,0.966089418703522
"D2-H2-PLATE 2-OLD-D2-H2-PLATE 2-NEW",66.6375641833065,-32.958884425586,166.234012792199,0.261717332575767
"D2-H2-PLATE 3-NEW-D2-H2-PLATE 2-NEW",-59.4586121815035,-159.055060790396,40.137836427389,0.364718632854861
"D2-H2-PLATE 3-OLD-D2-H2-PLATE 2-NEW",-7.0829707526575,-106.67941936155,92.513477856235,0.999984249426113
"D2-H2-PLATE 4-NEW-D2-H2-PLATE 2-NEW",57.0856309213005,-42.510817687592,156.682079530193,0.404650494932001
"D2-H2-PLATE 4-OLD-D2-H2-PLATE 2-NEW",47.4947253768285,-52.101723232064,147.091173985721,0.590732795185836
"D2-H2-PLATE 3-NEW-D2-H2-PLATE 2-OLD",-126.09617636481,-225.692624973702,-26.4997277559175,0.0137608707671655
"D2-H2-PLATE 3-OLD-D2-H2-PLATE 2-OLD",-73.720534935964,-173.316983544856,25.8759136729285,0.185246320215115
"D2-H2-PLATE 4-NEW-D2-H2-PLATE 2-OLD",-9.551933262006,-109.148381870898,90.0445153468865,0.999882709511361
"D2-H2-PLATE 4-OLD-D2-H2-PLATE 2-OLD",-19.142838806478,-118.73928741537,80.4536098024145,0.991064797868018
"D2-H2-PLATE 3-OLD-D2-H2-PLATE 3-NEW",52.375641428846,-47.2208071800465,151.972090037738,0.491832228959903
"D2-H2-PLATE 4-NEW-D2-H2-PLATE 3-NEW",116.544243102804,16.9477944939115,216.140691711696,0.0216582443370705
"D2-H2-PLATE 4-OLD-D2-H2-PLATE 3-NEW",106.953337558332,7.35688894943954,206.549786167224,0.0346205458931936
"D2-H2-PLATE 4-NEW-D2-H2-PLATE 3-OLD",64.168601673958,-35.4278469349345,163.76505028285,0.294113140084028
"D2-H2-PLATE 4-OLD-D2-H2-PLATE 3-OLD",54.577696129486,-45.0187524794065,154.174144738378,0.449849211845043
"D2-H2-PLATE 4-OLD-D2-H2-PLATE 4-NEW",-9.59090554447198,-109.187354153364,90.0055430644205,0.999879503925089
"D3-H3-PLATE 1-OLD-D3-H3-PLATE 1-NEW",-15.8458141804794,-131.338222194953,99.6465938339939,0.998813623413274
"D3-H3-PLATE 2-NEW-D3-H3-PLATE 1-NEW",-51.0523662249524,-166.544774239426,64.4400417895208,0.66345496770194
"D3-H3-PLATE 2-OLD-D3-H3-PLATE 1-NEW",23.8535488211306,-91.6388591933426,139.345956835604,0.986651972007879
"D3-H3-PLATE 3-NEW-D3-H3-PLATE 1-NEW",-58.9959189019644,-174.488326916438,56.4964891125088,0.521488579381787
"D3-H3-PLATE 3-OLD-D3-H3-PLATE 1-NEW",-115.611201079755,-231.103609094228,-0.118793065281608,0.0497428437486089
"D3-H3-PLATE 4-NEW-D3-H3-PLATE 1-NEW",14.5503267003367,-100.942081314137,130.04273471481,0.999307879095365
"D3-H3-PLATE 4-OLD-D3-H3-PLATE 1-NEW",-20.8238308278694,-136.316238842343,94.6685771866039,0.993806380785535
"D3-H3-PLATE 2-NEW-D3-H3-PLATE 1-OLD",-35.206552044473,-150.698960058946,80.2858559700002,0.909199563453237
"D3-H3-PLATE 2-OLD-D3-H3-PLATE 1-OLD",39.69936300161,-75.7930450128632,155.191771016083,0.852456097957022
"D3-H3-PLATE 3-NEW-D3-H3-PLATE 1-OLD",-43.150104721485,-158.642512735958,72.3423032929882,0.80026831758419
"D3-H3-PLATE 3-OLD-D3-H3-PLATE 1-OLD",-99.7653868992755,-215.257794913749,15.7270211151977,0.0995067755750277
"D3-H3-PLATE 4-NEW-D3-H3-PLATE 1-OLD",30.396140880816,-85.0962671336572,145.888548895289,0.953386658273765
"D3-H3-PLATE 4-OLD-D3-H3-PLATE 1-OLD",-4.97801664739001,-120.470424661863,110.514391367083,0.999999493876439
"D3-H3-PLATE 2-OLD-D3-H3-PLATE 2-NEW",74.905915046083,-40.5864929683902,190.398323060556,0.288278864354785
"D3-H3-PLATE 3-NEW-D3-H3-PLATE 2-NEW",-7.94355267701201,-123.435960691485,107.548855337461,0.999987448633791
"D3-H3-PLATE 3-OLD-D3-H3-PLATE 2-NEW",-64.5588348548025,-180.051242869276,50.9335731596708,0.429743237225539
"D3-H3-PLATE 4-NEW-D3-H3-PLATE 2-NEW",65.602692925289,-49.8897150891842,181.095100939762,0.413639968069512
"D3-H3-PLATE 4-OLD-D3-H3-PLATE 2-NEW",30.228535397083,-85.2638726173902,145.720943411556,0.954607861868009
"D3-H3-PLATE 3-NEW-D3-H3-PLATE 2-OLD",-82.849467723095,-198.341875737568,32.6429402913782,0.207282468664464
"D3-H3-PLATE 3-OLD-D3-H3-PLATE 2-OLD",-139.464749900885,-254.957157915359,-23.9723418864122,0.0181161128151948
"D3-H3-PLATE 4-NEW-D3-H3-PLATE 2-OLD",-9.30322212079398,-124.795630135267,106.189185893679,0.999963430038913
"D3-H3-PLATE 4-OLD-D3-H3-PLATE 2-OLD",-44.677379649,-160.169787663473,70.8150283654732,0.775295013351398
"D3-H3-PLATE 3-OLD-D3-H3-PLATE 3-NEW",-56.6152821777904,-172.107690192264,58.8771258366828,0.563214249485948
"D3-H3-PLATE 4-NEW-D3-H3-PLATE 3-NEW",73.546245602301,-41.9461624121722,189.038653616774,0.304507000372107
"D3-H3-PLATE 4-OLD-D3-H3-PLATE 3-NEW",38.172088074095,-77.3203199403782,153.664496088568,0.873305218189758
"D3-H3-PLATE 4-NEW-D3-H3-PLATE 3-OLD",130.161527780091,14.6691197656183,245.653935794565,0.0266821522062621
"D3-H3-PLATE 4-OLD-D3-H3-PLATE 3-OLD",94.7873702518855,-20.7050377625878,210.279778266359,0.123770534252306
"D3-H3-PLATE 4-OLD-D3-H3-PLATE 4-NEW",-35.374157528206,-150.866565542679,80.1182504862672,0.907341682502028
"D4-H4-PLATE 1-OLD-D4-H4-PLATE 1-NEW",-58.7303834582566,-258.911197613868,141.450430697355,0.923115949868481
"D4-H4-PLATE 2-NEW-D4-H4-PLATE 1-NEW",-55.1535231672106,-255.334337322822,145.0272909884,0.942152696082681
"D4-H4-PLATE 2-OLD-D4-H4-PLATE 1-NEW",12.8954865018724,-187.285327653739,213.076300657484,0.99999196749921
"D4-H4-PLATE 3-NEW-D4-H4-PLATE 1-NEW",-66.2811458056291,-266.46195996124,133.899668349982,0.872407093899084
"D4-H4-PLATE 3-OLD-D4-H4-PLATE 1-NEW",-70.2957231891056,-270.476537344717,129.885090966506,0.840114078052442
"D4-H4-PLATE 4-NEW-D4-H4-PLATE 1-NEW",-97.6739822671153,-297.854796422726,102.506831888496,0.567892751760249
"D4-H4-PLATE 4-OLD-D4-H4-PLATE 1-NEW",9.14560798087086,-191.03520617474,209.326422136482,0.999999242897257
"D4-H4-PLATE 2-NEW-D4-H4-PLATE 1-OLD",3.57686029104596,-196.603953864565,203.757674446657,0.999999998899702
"D4-H4-PLATE 2-OLD-D4-H4-PLATE 1-OLD",71.625869960129,-128.554944195482,271.80668411574,0.828698410321902
"D4-H4-PLATE 3-NEW-D4-H4-PLATE 1-OLD",-7.55076234737254,-207.731576502984,192.630051808239,0.999999799217274
"D4-H4-PLATE 3-OLD-D4-H4-PLATE 1-OLD",-11.565339730849,-211.74615388646,188.615474424762,0.999996186667002
"D4-H4-PLATE 4-NEW-D4-H4-PLATE 1-OLD",-38.9435988088587,-239.12441296447,161.237215346752,0.990432987788588
"D4-H4-PLATE 4-OLD-D4-H4-PLATE 1-OLD",67.8759914391275,-132.304822716484,268.056805594739,0.859985596856568
"D4-H4-PLATE 2-OLD-D4-H4-PLATE 2-NEW",68.049009669083,-132.131804486528,268.229823824694,0.858604912558413
"D4-H4-PLATE 3-NEW-D4-H4-PLATE 2-NEW",-11.1276226384185,-211.30843679403,189.053191517193,0.999997073957551
"D4-H4-PLATE 3-OLD-D4-H4-PLATE 2-NEW",-15.142200021895,-215.323014177506,185.038614133716,0.999976075192197
"D4-H4-PLATE 4-NEW-D4-H4-PLATE 2-NEW",-42.5204590999046,-242.701273255516,157.660355055707,0.984444781287305
"D4-H4-PLATE 4-OLD-D4-H4-PLATE 2-NEW",64.2991311480815,-135.88168300753,264.479945303693,0.887047007000506
"D4-H4-PLATE 3-NEW-D4-H4-PLATE 2-OLD",-79.1766323075015,-279.357446463113,121.00418184811,0.758396968333219
"D4-H4-PLATE 3-OLD-D4-H4-PLATE 2-OLD",-83.191209690978,-283.372023846589,116.989604464633,0.71817447589112
"D4-H4-PLATE 4-NEW-D4-H4-PLATE 2-OLD",-110.569468768988,-310.750282924599,89.6113453866235,0.4418149148646
"D4-H4-PLATE 4-OLD-D4-H4-PLATE 2-OLD",-3.74987852100151,-203.930692676613,196.43093563461,0.999999998469522
"D4-H4-PLATE 3-OLD-D4-H4-PLATE 3-NEW",-4.01457738347648,-204.195391539088,196.166236772135,0.999999997535599
"D4-H4-PLATE 4-NEW-D4-H4-PLATE 3-NEW",-31.3928364614861,-231.573650617097,168.787977694125,0.9972949749333
"D4-H4-PLATE 4-OLD-D4-H4-PLATE 3-NEW",75.4267537865,-124.754060369111,275.607567942111,0.794364953122198
"D4-H4-PLATE 4-NEW-D4-H4-PLATE 3-OLD",-27.3782590780096,-227.559073233621,172.802555077601,0.998836972049508
"D4-H4-PLATE 4-OLD-D4-H4-PLATE 3-OLD",79.4413311699765,-120.739482985635,279.622145325588,0.755792913555089
"D4-H4-PLATE 4-OLD-D4-H4-PLATE 4-NEW",106.819590247986,-93.361223907625,307.000404403597,0.476915752375069
"D5-H5-PLATE 1-OLD-D5-H5-PLATE 1-NEW",24.0764774364421,-137.296479993695,185.44943486658,0.998004427226651
"D5-H5-PLATE 2-NEW-D5-H5-PLATE 1-NEW",-13.7783857892604,-175.151343219398,147.594571640877,0.9999459324669
"D5-H5-PLATE 2-OLD-D5-H5-PLATE 1-NEW",23.4158467263056,-137.957110703832,184.788804156443,0.99831890620047
"D5-H5-PLATE 3-NEW-D5-H5-PLATE 1-NEW",-31.5798071575909,-192.952764587728,129.793150272547,0.99010951396876
"D5-H5-PLATE 3-OLD-D5-H5-PLATE 1-NEW",-3.4577937572549,-164.830751187392,157.915163672883,0.999999996087617
"D5-H5-PLATE 4-NEW-D5-H5-PLATE 1-NEW",-78.2813315570506,-239.654288987188,83.0916258730869,0.573723566490606
"D5-H5-PLATE 4-OLD-D5-H5-PLATE 1-NEW",36.4069099540231,-124.966047476114,197.779867384161,0.978534870208539
"D5-H5-PLATE 2-NEW-D5-H5-PLATE 1-OLD",-37.8548632257025,-199.22782065584,123.518094204435,0.973702971618098
"D5-H5-PLATE 2-OLD-D5-H5-PLATE 1-OLD",-0.660630710136445,-162.033588140274,160.712326720001,1
"D5-H5-PLATE 3-NEW-D5-H5-PLATE 1-OLD",-55.656284594033,-217.029242024171,105.716672836105,0.850569024311417
"D5-H5-PLATE 3-OLD-D5-H5-PLATE 1-OLD",-27.534271193697,-188.907228623835,133.838686236441,0.995517034950601
"D5-H5-PLATE 4-NEW-D5-H5-PLATE 1-OLD",-102.357808993493,-263.73076642363,59.0151484366448,0.308063162712893
"D5-H5-PLATE 4-OLD-D5-H5-PLATE 1-OLD",12.330432517581,-149.042524912557,173.703389947719,0.999974386903429
"D5-H5-PLATE 2-OLD-D5-H5-PLATE 2-NEW",37.1942325155661,-124.178724914571,198.567189945704,0.975993063176463
"D5-H5-PLATE 3-NEW-D5-H5-PLATE 2-NEW",-17.8014213683305,-179.174378798468,143.571536061807,0.999705907306117
"D5-H5-PLATE 3-OLD-D5-H5-PLATE 2-NEW",10.3205920320055,-151.052365398132,171.693549462143,0.999992354539034
"D5-H5-PLATE 4-NEW-D5-H5-PLATE 2-NEW",-64.5029457677902,-225.875903197928,96.8700116623473,0.750123775717258
"D5-H5-PLATE 4-OLD-D5-H5-PLATE 2-NEW",50.1852957432835,-111.187661686854,211.558253173421,0.901181539649181
"D5-H5-PLATE 3-NEW-D5-H5-PLATE 2-OLD",-54.9956538838965,-216.368611314034,106.377303546241,0.857223639109512
"D5-H5-PLATE 3-OLD-D5-H5-PLATE 2-OLD",-26.8736404835605,-188.246597913698,134.499316946577,0.996118740575078
"D5-H5-PLATE 4-NEW-D5-H5-PLATE 2-OLD",-101.697178283356,-263.070135713494,59.6757791467813,0.313927903151658
"D5-H5-PLATE 4-OLD-D5-H5-PLATE 2-OLD",12.9910632277175,-148.38189420242,174.364020657855,0.99996358050525
"D5-H5-PLATE 3-OLD-D5-H5-PLATE 3-NEW",28.122013400336,-133.250944029802,189.494970830474,0.994923003918212
"D5-H5-PLATE 4-NEW-D5-H5-PLATE 3-NEW",-46.7015243994598,-208.074481829597,114.671433030678,0.927645980314583
"D5-H5-PLATE 4-OLD-D5-H5-PLATE 3-NEW",67.986717111614,-93.3862403185236,229.359674541752,0.706461682122913
"D5-H5-PLATE 4-NEW-D5-H5-PLATE 3-OLD",-74.8235377997957,-236.196495229933,86.5494196303418,0.618233098607381
"D5-H5-PLATE 4-OLD-D5-H5-PLATE 3-OLD",39.864703711278,-121.50825371886,201.237661141416,0.965811701285049
"D5-H5-PLATE 4-OLD-D5-H5-PLATE 4-NEW",114.688241511074,-46.6847159190638,276.061198941211,0.21413706082016
"D6-H6-PLATE 1-OLD-D6-H6-PLATE 1-NEW",19.785882445458,-135.777785236339,175.349550127255,0.999264714337937
"D6-H6-PLATE 2-NEW-D6-H6-PLATE 1-NEW",6.61983700473948,-148.943830677057,162.183504686536,0.999999536827246
"D6-H6-PLATE 2-OLD-D6-H6-PLATE 1-NEW",1.64159148605748,-153.922076195739,157.205259167854,0.99999999997236
"D6-H6-PLATE 3-NEW-D6-H6-PLATE 1-NEW",5.49881070687098,-150.064856974926,161.062478388668,0.999999872099362
"D6-H6-PLATE 3-OLD-D6-H6-PLATE 1-NEW",-32.7837419915227,-188.347409673319,122.779925690274,0.985097173880506
"D6-H6-PLATE 4-NEW-D6-H6-PLATE 1-NEW",-69.9808631607672,-225.544530842564,85.5828045210294,0.647126319289889
"D6-H6-PLATE 4-OLD-D6-H6-PLATE 1-NEW",18.5316859203245,-137.031981761472,174.095353602121,0.999516352136317
"D6-H6-PLATE 2-NEW-D6-H6-PLATE 1-OLD",-13.1660454407185,-168.729713122515,142.397622241078,0.999949027691115
"D6-H6-PLATE 2-OLD-D6-H6-PLATE 1-OLD",-18.1442909594005,-173.707958641197,137.419376722396,0.999577907645633
"D6-H6-PLATE 3-NEW-D6-H6-PLATE 1-OLD",-14.287071738587,-169.850739420384,141.27659594321,0.999912022440916
"D6-H6-PLATE 3-OLD-D6-H6-PLATE 1-OLD",-52.5696244369806,-208.133292118777,102.994043244816,0.861802371869965
"D6-H6-PLATE 4-NEW-D6-H6-PLATE 1-OLD",-89.7667456062252,-245.330413288022,65.7969220755714,0.397967232051832
"D6-H6-PLATE 4-OLD-D6-H6-PLATE 1-OLD",-1.25419652513352,-156.81786420693,154.309471156663,0.999999999995869
"D6-H6-PLATE 2-OLD-D6-H6-PLATE 2-NEW",-4.978245518682,-160.541913200479,150.585422163115,0.999999935936757
"D6-H6-PLATE 3-NEW-D6-H6-PLATE 2-NEW",-1.1210262978685,-156.684693979665,154.442641383928,0.999999999998171
"D6-H6-PLATE 3-OLD-D6-H6-PLATE 2-NEW",-39.4035789962621,-194.967246678059,116.160088685534,0.961297224334081
"D6-H6-PLATE 4-NEW-D6-H6-PLATE 2-NEW",-76.6007001655067,-232.164367847303,78.9629675162899,0.558709698024943
"D6-H6-PLATE 4-OLD-D6-H6-PLATE 2-NEW",11.911848915585,-143.651818766212,167.475516597382,0.999974016268538
"D6-H6-PLATE 3-NEW-D6-H6-PLATE 2-OLD",3.8572192208135,-151.706448460983,159.42088690261,0.999999989166115
"D6-H6-PLATE 3-OLD-D6-H6-PLATE 2-OLD",-34.4253334775801,-189.989001159377,121.138334204216,0.98061756207995
"D6-H6-PLATE 4-NEW-D6-H6-PLATE 2-OLD",-71.6224546468247,-227.186122328621,83.9412130349719,0.625051218578772
"D6-H6-PLATE 4-OLD-D6-H6-PLATE 2-OLD",16.890094434267,-138.67357324753,172.453762116064,0.999734831534207
"D6-H6-PLATE 3-OLD-D6-H6-PLATE 3-NEW",-38.2825526983936,-193.84622038019,117.281114983403,0.966460890962975
"D6-H6-PLATE 4-NEW-D6-H6-PLATE 3-NEW",-75.4796738676382,-231.043341549435,80.0839938141584,0.573506255601941
"D6-H6-PLATE 4-OLD-D6-H6-PLATE 3-NEW",13.0328752134535,-142.530792468343,168.59654289525,0.99995238730524
"D6-H6-PLATE 4-NEW-D6-H6-PLATE 3-OLD",-37.1971211692445,-192.760788851041,118.366546512552,0.970995284570205
"D6-H6-PLATE 4-OLD-D6-H6-PLATE 3-OLD",51.3154279118471,-104.248239769949,206.879095593644,0.87428782061758
"D6-H6-PLATE 4-OLD-D6-H6-PLATE 4-NEW",88.5125490810916,-67.0511186007049,244.076216762888,0.411963701217967
"D7-H7-PLATE 1-OLD-D7-H7-PLATE 1-NEW",25.8140383179832,-80.31333244229,131.941409078256,0.968369325867517
"D7-H7-PLATE 2-NEW-D7-H7-PLATE 1-NEW",-12.0237913268267,-118.1511620871,94.1035794334464,0.9996502332174
"D7-H7-PLATE 2-OLD-D7-H7-PLATE 1-NEW",0.630100047221617,-105.497270713052,106.757470807495,1
"D7-H7-PLATE 3-NEW-D7-H7-PLATE 1-NEW",-26.4456009523496,-132.572971712623,79.6817698079235,0.964301721487846
"D7-H7-PLATE 3-OLD-D7-H7-PLATE 1-NEW",-10.3758525026736,-116.503223262947,95.7515182575995,0.999866799965602
"D7-H7-PLATE 4-NEW-D7-H7-PLATE 1-NEW",20.1611789726561,-85.966191787617,126.288549732929,0.991638248654598
"D7-H7-PLATE 4-OLD-D7-H7-PLATE 1-NEW",-8.03364813957837,-114.161018899852,98.0937226206948,0.999975956118002
"D7-H7-PLATE 2-NEW-D7-H7-PLATE 1-OLD",-37.8378296448099,-143.965200405083,68.2895411154633,0.830912229913683
"D7-H7-PLATE 2-OLD-D7-H7-PLATE 1-OLD",-25.1839382707615,-131.311309031035,80.9434324895116,0.972100384907038
"D7-H7-PLATE 3-NEW-D7-H7-PLATE 1-OLD",-52.2596392703328,-158.387010030606,53.8677314899404,0.55867621619123
"D7-H7-PLATE 3-OLD-D7-H7-PLATE 1-OLD",-36.1898908206568,-142.31726158093,69.9374799396164,0.856892354178652
"D7-H7-PLATE 4-NEW-D7-H7-PLATE 1-OLD",-5.65285934532702,-111.7802301056,100.474511414946,0.999997818160031
"D7-H7-PLATE 4-OLD-D7-H7-PLATE 1-OLD",-33.8476864575615,-139.975057217835,72.2796843027116,0.890275485435415
"D7-H7-PLATE 2-OLD-D7-H7-PLATE 2-NEW",12.6538913740483,-93.4734793862248,118.781262134321,0.999513550806474
"D7-H7-PLATE 3-NEW-D7-H7-PLATE 2-NEW",-14.4218096255229,-120.549180385796,91.7055611347502,0.998882918756926
"D7-H7-PLATE 3-OLD-D7-H7-PLATE 2-NEW",1.64793882415309,-104.47943193612,107.775309584426,0.999999999587475
"D7-H7-PLATE 4-NEW-D7-H7-PLATE 2-NEW",32.1849702994829,-73.9424004607903,138.312341059756,0.911187383674174
"D7-H7-PLATE 4-OLD-D7-H7-PLATE 2-NEW",3.99014318724835,-102.137227573025,110.117513947522,0.999999803681932
"D7-H7-PLATE 3-NEW-D7-H7-PLATE 2-OLD",-27.0757009995713,-133.203071759844,79.0516697607019,0.959907018238449
"D7-H7-PLATE 3-OLD-D7-H7-PLATE 2-OLD",-11.0059525498953,-117.133323310168,95.1214182103779,0.999803596235886
"D7-H7-PLATE 4-NEW-D7-H7-PLATE 2-OLD",19.5310789254345,-86.5962918348386,125.658449685708,0.993028156394113
"D7-H7-PLATE 4-OLD-D7-H7-PLATE 2-OLD",-8.66374818679999,-114.791118947073,97.4636225734732,0.999959993240548
"D7-H7-PLATE 3-OLD-D7-H7-PLATE 3-NEW",16.069748449676,-90.0576223105972,122.197119209949,0.997815132141254
"D7-H7-PLATE 4-NEW-D7-H7-PLATE 3-NEW",46.6067799250058,-59.5205908352674,152.734150685279,0.669467535397049
"D7-H7-PLATE 4-OLD-D7-H7-PLATE 3-NEW",18.4119528127713,-87.7154179475019,124.539323573044,0.995054731932213
"D7-H7-PLATE 4-NEW-D7-H7-PLATE 3-OLD",30.5370314753298,-75.5903392849434,136.664402235603,0.929486666043552
"D7-H7-PLATE 4-OLD-D7-H7-PLATE 3-OLD",2.34220436309526,-103.785166397178,108.469575123368,0.999999995191761
"D7-H7-PLATE 4-OLD-D7-H7-PLATE 4-NEW",-28.1948271122345,-134.322197872508,77.9325436480386,0.95124884979034
"D8-H8-PLATE 1-OLD-D8-H8-PLATE 1-NEW",-44.6447001281005,-107.383786228832,18.0943859726305,0.213208738313591
"D8-H8-PLATE 2-NEW-D8-H8-PLATE 1-NEW",-25.3168620111483,-88.0559481118793,37.4222240895827,0.74252898066024
"D8-H8-PLATE 2-OLD-D8-H8-PLATE 1-NEW",-41.3590988284282,-104.098184929159,21.3799872723028,0.274218231187095
"D8-H8-PLATE 3-NEW-D8-H8-PLATE 1-NEW",-45.4991092087074,-108.238195309438,17.2399768920236,0.199448863019344
"D8-H8-PLATE 3-OLD-D8-H8-PLATE 1-NEW",-43.7498360181631,-106.488922118894,18.9892500825679,0.228523098190763
"D8-H8-PLATE 4-NEW-D8-H8-PLATE 1-NEW",-19.0340907005699,-81.7731768013009,43.7049954001611,0.911039587472284
"D8-H8-PLATE 4-OLD-D8-H8-PLATE 1-NEW",-30.2039706276419,-92.9430567283729,32.5351154730891,0.58130759219298
"D8-H8-PLATE 2-NEW-D8-H8-PLATE 1-OLD",19.3278381169522,-43.4112479837788,82.0669242176832,0.905038101273868
"D8-H8-PLATE 2-OLD-D8-H8-PLATE 1-OLD",3.28560129967229,-59.4534848010587,66.0246874004033,0.999998058481381
"D8-H8-PLATE 3-NEW-D8-H8-PLATE 1-OLD",-0.854409080606928,-63.5934951813379,61.8846770201241,0.999999999835181
"D8-H8-PLATE 3-OLD-D8-H8-PLATE 1-OLD",0.894864109937387,-61.8442219907936,63.6339502106684,0.999999999772223
"D8-H8-PLATE 4-NEW-D8-H8-PLATE 1-OLD",25.6106094275306,-37.1284766732004,88.3496955282616,0.733127217296817
"D8-H8-PLATE 4-OLD-D8-H8-PLATE 1-OLD",14.4407295004586,-48.2983566002724,77.1798156011896,0.976163250946959
"D8-H8-PLATE 2-OLD-D8-H8-PLATE 2-NEW",-16.0422368172799,-78.7813229180109,46.6968492834511,0.959464738843436
"D8-H8-PLATE 3-NEW-D8-H8-PLATE 2-NEW",-20.1822471975591,-82.9213332982901,42.5568389031719,0.886358111624334
"D8-H8-PLATE 3-OLD-D8-H8-PLATE 2-NEW",-18.4329740070148,-81.1720601077458,44.3061120937162,0.922632586066229
"D8-H8-PLATE 4-NEW-D8-H8-PLATE 2-NEW",6.2827713105784,-56.4563147901526,69.0218574113094,0.999843951756576
"D8-H8-PLATE 4-OLD-D8-H8-PLATE 2-NEW",-4.88710861649361,-67.6261947172246,57.8519774842374,0.99997082870838
"D8-H8-PLATE 3-NEW-D8-H8-PLATE 2-OLD",-4.14001038027922,-66.8790964810102,58.5990757204518,0.999990534913431
"D8-H8-PLATE 3-OLD-D8-H8-PLATE 2-OLD",-2.39073718973491,-65.1298232904659,60.3483489109961,0.999999784507057
"D8-H8-PLATE 4-NEW-D8-H8-PLATE 2-OLD",22.3250081278583,-40.4140779728727,85.0640942285893,0.832112327239765
"D8-H8-PLATE 4-OLD-D8-H8-PLATE 2-OLD",11.1551282007863,-51.5839578999447,73.8942143015173,0.99429005054982
"D8-H8-PLATE 3-OLD-D8-H8-PLATE 3-NEW",1.74927319054432,-60.9898129101867,64.4883592912753,0.999999975455662
"D8-H8-PLATE 4-NEW-D8-H8-PLATE 3-NEW",26.4650185081375,-36.2740675925935,89.2041046088685,0.705383080878023
"D8-H8-PLATE 4-OLD-D8-H8-PLATE 3-NEW",15.2951385810655,-47.4439475196655,78.0342246817965,0.968005169849054
"D8-H8-PLATE 4-NEW-D8-H8-PLATE 3-OLD",24.7157453175932,-38.0233407831378,87.4548314183242,0.761499567305732
"D8-H8-PLATE 4-OLD-D8-H8-PLATE 3-OLD",13.5458653905212,-49.1932207102098,76.2849514912522,0.983010230771612
"D8-H8-PLATE 4-OLD-D8-H8-PLATE 4-NEW",-11.169879927072,-73.908966027803,51.569206173659,0.994245890719335
